date,microsoft
2013-12-31,56.75
2014-01-01,52.58
2014-01-02,68.43
2014-01-03,67.60
2014-01-04,58.42
2014-01-05,60.09
2014-01-06,69.27
2014-01-07,74.27
2014-01-08,76.78
2014-01-09,75.11
2014-01-10,71.77
2014-01-11,59.25
2014-01-12,61.76
2014-01-13,72.60
2014-01-14,76.78
2014-01-15,75.11
2014-01-16,75.94
2014-01-17,69.27
2014-01-18,60.92
2014-01-19,62.59
2014-01-20,72.60
2014-01-21,75.11
2014-01-22,75.11
2014-01-23,74.27
2014-01-24,70.10
2014-01-25,60.09
2014-01-26,61.76
2014-01-27,74.27
2014-01-28,74.27
2014-01-29,75.11
2014-01-30,73.44
2014-01-31,70.93
2014-02-01,60.09
2014-02-02,60.09
2014-02-03,73.44
2014-02-04,83.45
2014-02-05,82.62
2014-02-06,75.11
2014-02-07,70.93
2014-02-08,60.92
2014-02-09,60.92
2014-02-10,73.44
2014-02-11,74.27
2014-02-12,73.44
2014-02-13,72.60
2014-02-14,65.09
2014-02-15,56.75
2014-02-16,59.25
2014-02-17,70.93
2014-02-18,73.44
2014-02-19,74.27
2014-02-20,72.60
2014-02-21,69.27
2014-02-22,58.42
2014-02-23,60.09
2014-02-24,74.27
2014-02-25,74.27
2014-02-26,72.60
2014-02-27,72.60
2014-02-28,69.27
2014-03-01,60.09
2014-03-02,60.09
2014-03-03,71.77
2014-03-04,73.44
2014-03-05,73.44
2014-03-06,71.77
2014-03-07,68.43
2014-03-08,55.08
2014-03-09,59.25
2014-03-10,72.60
2014-03-11,73.44
2014-03-12,73.44
2014-03-13,71.77
2014-03-14,67.60
2014-03-15,55.91
2014-03-16,58.42
2014-03-17,70.10
2014-03-18,74.27
2014-03-19,74.27
2014-03-20,72.60
2014-03-21,66.76
2014-03-22,58.42
2014-03-23,59.25
2014-03-24,72.60
2014-03-25,76.78
2014-03-26,74.27
2014-03-27,77.61
2014-03-28,76.78
2014-03-29,62.59
2014-03-30,61.76
2014-03-31,71.77
2014-04-01,74.27
2014-04-02,77.61
2014-04-03,77.61
2014-04-04,70.10
2014-04-05,60.92
2014-04-06,60.92
2014-04-07,75.94
2014-04-08,83.45
2014-04-09,79.28
2014-04-10,75.94
2014-04-11,69.27
2014-04-12,57.58
2014-04-13,56.75
2014-04-14,69.27
2014-04-15,70.93
2014-04-16,71.77
2014-04-17,69.27
2014-04-18,61.76
2014-04-19,52.58
2014-04-20,52.58
2014-04-21,65.09
2014-04-22,71.77
2014-04-23,71.77
2014-04-24,70.10
2014-04-25,66.76
2014-04-26,54.24
2014-04-27,56.75
2014-04-28,70.93
2014-04-29,74.27
2014-04-30,71.77
2014-05-01,71.77
2014-05-02,70.10
2014-05-03,56.75
2014-05-04,53.41
2014-05-05,68.43
2014-05-06,70.10
2014-05-07,68.43
2014-05-08,66.76
2014-05-09,63.42
2014-05-10,53.41
2014-05-11,53.41
2014-05-12,65.09
2014-05-13,69.27
2014-05-14,70.10
2014-05-15,67.60
2014-05-16,62.59
2014-05-17,51.74
2014-05-18,52.58
2014-05-19,65.09
2014-05-20,73.44
2014-05-21,74.27
2014-05-22,70.93
2014-05-23,65.09
2014-05-24,51.74
2014-05-25,51.74
2014-05-26,59.25
2014-05-27,66.76
2014-05-28,67.60
2014-05-29,67.60
2014-05-30,64.26
2014-05-31,50.91
2014-06-01,52.58
2014-06-02,65.93
2014-06-03,68.43
2014-06-04,69.27
2014-06-05,68.43
2014-06-06,63.42
2014-06-07,52.58
2014-06-08,52.58
2014-06-09,72.60
2014-06-10,70.93
2014-06-11,68.43
2014-06-12,66.76
2014-06-13,59.25
2014-06-14,49.24
2014-06-15,50.07
2014-06-16,61.76
2014-06-17,65.93
2014-06-18,65.09
2014-06-19,63.42
2014-06-20,60.09
2014-06-21,49.24
2014-06-22,49.24
2014-06-23,62.59
2014-06-24,65.93
2014-06-25,64.26
2014-06-26,62.59
2014-06-27,59.25
2014-06-28,46.73
2014-06-29,50.07
2014-06-30,59.92
2014-07-01,62.38
2014-07-02,66.49
2014-07-03,63.21
2014-07-04,52.53
2014-07-05,45.15
2014-07-06,47.61
2014-07-07,60.74
2014-07-08,61.56
2014-07-09,61.56
2014-07-10,65.67
2014-07-11,60.74
2014-07-12,49.25
2014-07-13,47.61
2014-07-14,60.74
2014-07-15,64.85
2014-07-16,66.49
2014-07-17,72.23
2014-07-18,63.21
2014-07-19,50.89
2014-07-20,49.25
2014-07-21,63.21
2014-07-22,65.67
2014-07-23,67.31
2014-07-24,65.67
2014-07-25,59.10
2014-07-26,47.61
2014-07-27,47.61
2014-07-28,63.21
2014-07-29,63.21
2014-07-30,64.85
2014-07-31,62.38
2014-08-01,59.92
2014-08-02,48.43
2014-08-03,49.25
2014-08-04,64.03
2014-08-05,64.85
2014-08-06,64.85
2014-08-07,68.95
2014-08-08,61.56
2014-08-09,50.07
2014-08-10,50.07
2014-08-11,63.21
2014-08-12,68.13
2014-08-13,66.49
2014-08-14,67.31
2014-08-15,59.10
2014-08-16,52.53
2014-08-17,54.18
2014-08-18,70.59
2014-08-19,73.88
2014-08-20,71.41
2014-08-21,70.59
2014-08-22,65.67
2014-08-23,55.82
2014-08-24,57.46
2014-08-25,68.13
2014-08-26,73.06
2014-08-27,75.52
2014-08-28,73.88
2014-08-29,67.31
2014-08-30,55.00
2014-08-31,56.64
2014-09-01,65.67
2014-09-02,73.06
2014-09-03,74.70
2014-09-04,76.34
2014-09-05,69.77
2014-09-06,57.46
2014-09-07,60.74
2014-09-08,72.23
2014-09-09,76.34
2014-09-10,80.44
2014-09-11,77.16
2014-09-12,73.06
2014-09-13,59.10
2014-09-14,62.38
2014-09-15,81.26
2014-09-16,82.08
2014-09-17,78.80
2014-09-18,75.52
2014-09-19,72.23
2014-09-20,59.10
2014-09-21,59.92
2014-09-22,73.88
2014-09-23,77.16
2014-09-24,75.52
2014-09-25,75.52
2014-09-26,71.41
2014-09-27,57.46
2014-09-28,59.82
2014-09-29,72.41
2014-09-30,78.71
2014-10-01,77.14
2014-10-02,75.56
2014-10-03,67.69
2014-10-04,53.52
2014-10-05,55.10
2014-10-06,68.48
2014-10-07,72.41
2014-10-08,72.41
2014-10-09,70.05
2014-10-10,68.48
2014-10-11,54.31
2014-10-12,56.67
2014-10-13,67.69
2014-10-14,70.05
2014-10-15,71.63
2014-10-16,71.63
2014-10-17,66.90
2014-10-18,55.10
2014-10-19,59.03
2014-10-20,70.05
2014-10-21,72.41
2014-10-22,70.84
2014-10-23,70.05
2014-10-24,66.12
2014-10-25,57.46
2014-10-26,56.67
2014-10-27,70.84
2014-10-28,71.63
2014-10-29,71.63
2014-10-30,77.14
2014-10-31,69.27
2014-11-01,57.46
2014-11-02,59.82
2014-11-03,72.41
2014-11-04,73.99
2014-11-05,73.20
2014-11-06,72.41
2014-11-07,70.84
2014-11-08,58.25
2014-11-09,59.03
2014-11-10,73.20
2014-11-11,77.14
2014-11-12,78.71
2014-11-13,74.78
2014-11-14,70.84
2014-11-15,60.61
2014-11-16,62.97
2014-11-17,73.20
2014-11-18,75.56
2014-11-19,75.56
2014-11-20,73.99
2014-11-21,68.48
2014-11-22,58.25
2014-11-23,59.03
2014-11-24,70.84
2014-11-25,70.84
2014-11-26,70.84
2014-11-27,72.41
2014-11-28,70.05
2014-11-29,62.18
2014-11-30,62.18
2014-12-01,75.56
2014-12-02,77.14
2014-12-03,71.63
2014-12-04,70.84
2014-12-05,65.33
2014-12-06,58.25
2014-12-07,59.03
2014-12-08,70.05
2014-12-09,70.05
2014-12-10,72.41
2014-12-11,72.41
2014-12-12,68.48
2014-12-13,60.61
2014-12-14,60.61
2014-12-15,68.48
2014-12-16,70.05
2014-12-17,66.90
2014-12-18,68.48
2014-12-19,62.97
2014-12-20,54.31
2014-12-21,53.52
2014-12-22,61.39
2014-12-23,59.82
2014-12-24,56.67
2014-12-25,67.69
2014-12-26,65.33
2014-12-27,57.28
2014-12-28,56.38
2014-12-29,61.75
2014-12-30,62.65
2014-12-31,54.59
2015-01-01,47.43
2015-01-02,59.07
2015-01-03,54.59
2015-01-04,57.28
2015-01-05,69.81
2015-01-06,71.59
2015-01-07,68.91
2015-01-08,69.81
2015-01-09,64.44
2015-01-10,56.38
2015-01-11,56.38
2015-01-12,71.59
2015-01-13,68.02
2015-01-14,70.70
2015-01-15,69.81
2015-01-16,65.33
2015-01-17,55.49
2015-01-18,57.28
2015-01-19,66.23
2015-01-20,73.38
2015-01-21,82.33
2015-01-22,89.49
2015-01-23,77.86
2015-01-24,62.65
2015-01-25,63.54
2015-01-26,72.49
2015-01-27,80.54
2015-01-28,76.07
2015-01-29,75.17
2015-01-30,68.02
2015-01-31,59.96
2015-02-01,58.17
2015-02-02,73.38
2015-02-03,73.38
2015-02-04,71.59
2015-02-05,71.59
2015-02-06,71.59
2015-02-07,55.49
2015-02-08,57.28
2015-02-09,73.38
2015-02-10,69.81
2015-02-11,71.59
2015-02-12,74.28
2015-02-13,68.91
2015-02-14,54.59
2015-02-15,57.28
2015-02-16,68.91
2015-02-17,72.49
2015-02-18,70.70
2015-02-19,69.81
2015-02-20,66.23
2015-02-21,58.17
2015-02-22,59.07
2015-02-23,68.02
2015-02-24,73.38
2015-02-25,73.38
2015-02-26,70.70
2015-02-27,66.23
2015-02-28,56.38
2015-03-01,58.17
2015-03-02,68.91
2015-03-03,69.81
2015-03-04,71.59
2015-03-05,71.59
2015-03-06,68.02
2015-03-07,57.28
2015-03-08,55.49
2015-03-09,71.59
2015-03-10,71.59
2015-03-11,73.38
2015-03-12,70.70
2015-03-13,67.12
2015-03-14,57.28
2015-03-15,59.07
2015-03-16,67.12
2015-03-17,74.28
2015-03-18,74.28
2015-03-19,72.49
2015-03-20,67.12
2015-03-21,57.28
2015-03-22,57.28
2015-03-23,69.81
2015-03-24,69.81
2015-03-25,72.49
2015-03-26,68.91
2015-03-27,65.71
2015-03-28,55.29
2015-03-29,54.49
2015-03-30,65.71
2015-03-31,69.71
2015-04-01,70.51
2015-04-02,67.31
2015-04-03,60.10
2015-04-04,53.69
2015-04-05,50.48
2015-04-06,64.10
2015-04-07,69.71
2015-04-08,69.71
2015-04-09,66.51
2015-04-10,63.30
2015-04-11,51.28
2015-04-12,53.69
2015-04-13,66.51
2015-04-14,65.71
2015-04-15,68.91
2015-04-16,71.31
2015-04-17,64.10
2015-04-18,54.49
2015-04-19,55.29
2015-04-20,69.71
2015-04-21,68.91
2015-04-22,71.31
2015-04-23,70.51
2015-04-24,65.71
2015-04-25,54.49
2015-04-26,55.29
2015-04-27,69.71
2015-04-28,69.71
2015-04-29,75.32
2015-04-30,76.92
2015-05-01,71.31
2015-05-02,59.29
2015-05-03,57.69
2015-05-04,72.12
2015-05-05,73.72
2015-05-06,71.31
2015-05-07,68.91
2015-05-08,65.71
2015-05-09,56.09
2015-05-10,54.49
2015-05-11,68.91
2015-05-12,72.12
2015-05-13,71.31
2015-05-14,68.11
2015-05-15,66.51
2015-05-16,54.49
2015-05-17,52.88
2015-05-18,67.31
2015-05-19,70.51
2015-05-20,68.91
2015-05-21,68.11
2015-05-22,64.90
2015-05-23,51.28
2015-05-24,52.08
2015-05-25,58.49
2015-05-26,67.31
2015-05-27,68.91
2015-05-28,67.31
2015-05-29,64.90
2015-05-30,53.69
2015-05-31,54.49
2015-06-01,70.51
2015-06-02,72.12
2015-06-03,69.71
2015-06-04,69.71
2015-06-05,64.90
2015-06-06,53.69
2015-06-07,52.88
2015-06-08,67.31
2015-06-09,68.11
2015-06-10,72.92
2015-06-11,69.71
2015-06-12,63.30
2015-06-13,52.08
2015-06-14,52.88
2015-06-15,80.13
2015-06-16,75.32
2015-06-17,69.71
2015-06-18,69.71
2015-06-19,63.30
2015-06-20,53.69
2015-06-21,52.88
2015-06-22,68.11
2015-06-23,68.91
2015-06-24,66.51
2015-06-25,65.57
2015-06-26,61.82
2015-06-27,50.58
2015-06-28,51.52
2015-06-29,62.76
2015-06-30,63.70
2015-07-01,63.70
2015-07-02,60.89
2015-07-03,56.20
2015-07-04,46.84
2015-07-05,46.84
2015-07-06,61.82
2015-07-07,61.82
2015-07-08,66.51
2015-07-09,64.63
2015-07-10,58.08
2015-07-11,49.65
2015-07-12,48.71
2015-07-13,63.70
2015-07-14,64.63
2015-07-15,63.70
2015-07-16,66.51
2015-07-17,58.08
2015-07-18,51.52
2015-07-19,50.58
2015-07-20,63.70
2015-07-21,65.57
2015-07-22,67.44
2015-07-23,63.70
2015-07-24,59.95
2015-07-25,49.65
2015-07-26,52.46
2015-07-27,65.57
2015-07-28,69.32
2015-07-29,92.73
2015-07-30,93.67
2015-07-31,81.49
2015-08-01,71.19
2015-08-02,67.44
2015-08-03,76.81
2015-08-04,80.56
2015-08-05,79.62
2015-08-06,77.75
2015-08-07,73.06
2015-08-08,62.76
2015-08-09,63.70
2015-08-10,74.94
2015-08-11,77.75
2015-08-12,75.87
2015-08-13,74.94
2015-08-14,69.32
2015-08-15,59.01
2015-08-16,59.01
2015-08-17,74.00
2015-08-18,74.00
2015-08-19,75.87
2015-08-20,74.00
2015-08-21,70.25
2015-08-22,58.08
2015-08-23,59.95
2015-08-24,73.06
2015-08-25,74.00
2015-08-26,74.94
2015-08-27,71.19
2015-08-28,69.32
2015-08-29,57.14
2015-08-30,59.95
2015-08-31,71.19
2015-09-01,74.00
2015-09-02,74.00
2015-09-03,74.94
2015-09-04,69.32
2015-09-05,57.14
2015-09-06,59.01
2015-09-07,69.32
2015-09-08,73.06
2015-09-09,75.87
2015-09-10,75.87
2015-09-11,72.13
2015-09-12,57.14
2015-09-13,58.08
2015-09-14,73.06
2015-09-15,74.94
2015-09-16,74.00
2015-09-17,72.13
2015-09-18,67.44
2015-09-19,56.20
2015-09-20,60.89
2015-09-21,74.00
2015-09-22,74.00
2015-09-23,72.00
2015-09-24,71.00
2015-09-25,68.00
2015-09-26,57.00
2015-09-27,57.00
2015-09-28,71.00
2015-09-29,74.00
2015-09-30,74.00
2015-10-01,72.00
2015-10-02,67.00
2015-10-03,56.00
2015-10-04,58.00
2015-10-05,72.00
2015-10-06,98.00
2015-10-07,100.00
2015-10-08,82.00
2015-10-09,72.00
2015-10-10,61.00
2015-10-11,61.00
2015-10-12,72.00
2015-10-13,75.00
2015-10-14,74.00
2015-10-15,75.00
2015-10-16,70.00
2015-10-17,58.00
2015-10-18,59.00
2015-10-19,73.00
2015-10-20,73.00
2015-10-21,72.00
2015-10-22,71.00
2015-10-23,68.00
2015-10-24,57.00
2015-10-25,56.00
2015-10-26,71.00
2015-10-27,75.00
2015-10-28,71.00
2015-10-29,71.00
2015-10-30,67.00
2015-10-31,54.00
2015-11-01,57.00
2015-11-02,71.00
2015-11-03,72.00
2015-11-04,73.00
2015-11-05,71.00
2015-11-06,67.00
2015-11-07,57.00
2015-11-08,57.00
2015-11-09,68.00
2015-11-10,71.00
2015-11-11,73.00
2015-11-12,76.00
2015-11-13,68.00
2015-11-14,55.00
2015-11-15,57.00
2015-11-16,69.00
2015-11-17,71.00
2015-11-18,71.00
2015-11-19,71.00
2015-11-20,66.00
2015-11-21,56.00
2015-11-22,57.00
2015-11-23,70.00
2015-11-24,69.00
2015-11-25,67.00
2015-11-26,68.00
2015-11-27,71.00
2015-11-28,59.00
2015-11-29,60.00
2015-11-30,74.00
2015-12-01,72.00
2015-12-02,73.00
2015-12-03,72.00
2015-12-04,69.00
2015-12-05,57.00
2015-12-06,57.00
2015-12-07,70.00
2015-12-08,70.00
2015-12-09,73.00
2015-12-10,72.00
2015-12-11,66.00
2015-12-12,56.00
2015-12-13,57.00
2015-12-14,67.00
2015-12-15,70.00
2015-12-16,68.00
2015-12-17,65.00
2015-12-18,63.00
2015-12-19,54.00
2015-12-20,53.00
2015-12-21,64.00
2015-12-22,63.36
2015-12-23,61.44
2015-12-24,53.12
2015-12-25,62.08
2015-12-26,58.88
2015-12-27,56.32
2015-12-28,63.36
2015-12-29,62.72
2015-12-30,60.80
2015-12-31,53.76
2016-01-01,42.88
2016-01-02,45.44
2016-01-03,46.72
2016-01-04,58.24
2016-01-05,58.88
2016-01-06,60.16
2016-01-07,58.88
2016-01-08,55.68
2016-01-09,46.72
2016-01-10,47.36
2016-01-11,57.60
2016-01-12,61.44
2016-01-13,60.80
2016-01-14,58.24
2016-01-15,55.68
2016-01-16,46.72
2016-01-17,47.36
2016-01-18,58.24
2016-01-19,59.52
2016-01-20,61.44
2016-01-21,58.88
2016-01-22,56.32
2016-01-23,45.44
2016-01-24,45.44
2016-01-25,58.24
2016-01-26,57.60
2016-01-27,60.16
2016-01-28,58.24
2016-01-29,55.04
2016-01-30,46.08
2016-01-31,46.08
2016-02-01,58.88
2016-02-02,60.16
2016-02-03,60.80
2016-02-04,58.88
2016-02-05,54.40
2016-02-06,44.16
2016-02-07,44.80
2016-02-08,56.32
2016-02-09,58.88
2016-02-10,58.88
2016-02-11,56.32
2016-02-12,54.40
2016-02-13,44.16
2016-02-14,44.16
2016-02-15,57.60
2016-02-16,59.52
2016-02-17,58.88
2016-02-18,57.60
2016-02-19,52.48
2016-02-20,44.80
2016-02-21,47.36
2016-02-22,58.88
2016-02-23,60.80
2016-02-24,57.60
2016-02-25,58.88
2016-02-26,55.68
2016-02-27,43.52
2016-02-28,46.72
2016-02-29,55.68
2016-03-01,58.24
2016-03-02,58.88
2016-03-03,58.24
2016-03-04,53.76
2016-03-05,44.80
2016-03-06,44.80
2016-03-07,57.60
2016-03-08,57.60
2016-03-09,58.24
2016-03-10,58.88
2016-03-11,54.40
2016-03-12,44.16
2016-03-13,45.44
2016-03-14,56.32
2016-03-15,58.24
2016-03-16,57.60
2016-03-17,56.96
2016-03-18,53.12
2016-03-19,43.52
2016-03-20,44.16
2016-03-21,56.08
2016-03-22,54.67
2016-03-23,55.38
2016-03-24,56.78
2016-03-25,52.57
2016-03-26,43.46
2016-03-27,43.46
2016-03-28,53.97
2016-03-29,57.48
2016-03-30,60.28
2016-03-31,58.88
2016-04-01,53.27
2016-04-02,42.06
2016-04-03,44.16
2016-04-04,54.67
2016-04-05,58.18
2016-04-06,55.38
2016-04-07,54.67
2016-04-08,50.47
2016-04-09,41.36
2016-04-10,44.16
2016-04-11,55.38
2016-04-12,55.38
2016-04-13,56.78
2016-04-14,55.38
2016-04-15,53.27
2016-04-16,41.36
2016-04-17,42.06
2016-04-18,54.67
2016-04-19,56.08
2016-04-20,54.67
2016-04-21,54.67
2016-04-22,51.17
2016-04-23,40.66
2016-04-24,41.36
2016-04-25,53.27
2016-04-26,55.38
2016-04-27,53.97
2016-04-28,54.67
2016-04-29,49.07
2016-04-30,39.95
2016-05-01,39.95
2016-05-02,49.77
2016-05-03,53.27
2016-05-04,52.57
2016-05-05,50.47
2016-05-06,48.37
2016-05-07,38.55
2016-05-08,39.25
2016-05-09,53.27
2016-05-10,53.27
2016-05-11,55.38
2016-05-12,53.27
2016-05-13,49.07
2016-05-14,38.55
2016-05-15,40.66
2016-05-16,51.87
2016-05-17,54.67
2016-05-18,55.38
2016-05-19,52.57
2016-05-20,51.17
2016-05-21,38.55
2016-05-22,39.95
2016-05-23,51.87
2016-05-24,53.97
2016-05-25,53.97
2016-05-26,52.57
2016-05-27,49.07
2016-05-28,36.45
2016-05-29,37.85
2016-05-30,44.86
2016-05-31,52.57
2016-06-01,53.97
2016-06-02,51.87
2016-06-03,47.66
2016-06-04,37.15
2016-06-05,37.85
2016-06-06,49.77
2016-06-07,51.17
2016-06-08,51.17
2016-06-09,49.77
2016-06-10,46.26
2016-06-11,37.85
2016-06-12,37.85
2016-06-13,70.10
2016-06-14,60.98
2016-06-15,54.67
2016-06-16,51.87
2016-06-17,47.66
2016-06-18,39.25
2016-06-19,40.43
2016-06-20,50.97
2016-06-21,53.31
2016-06-22,54.49
2016-06-23,51.56
2016-06-24,48.63
2016-06-25,38.08
2016-06-26,39.84
2016-06-27,49.21
2016-06-28,53.31
2016-06-29,53.31
2016-06-30,50.97
2016-07-01,47.46
2016-07-02,37.50
2016-07-03,39.84
2016-07-04,45.70
2016-07-05,48.63
2016-07-06,50.38
2016-07-07,49.21
2016-07-08,48.63
2016-07-09,38.08
2016-07-10,36.32
2016-07-11,48.63
2016-07-12,53.31
2016-07-13,53.31
2016-07-14,49.21
2016-07-15,46.87
2016-07-16,38.67
2016-07-17,38.67
2016-07-18,50.97
2016-07-19,52.73
2016-07-20,53.31
2016-07-21,51.56
2016-07-22,45.11
2016-07-23,36.91
2016-07-24,38.08
2016-07-25,52.14
2016-07-26,54.49
2016-07-27,56.24
2016-07-28,53.90
2016-07-29,52.14
2016-07-30,42.77
2016-07-31,39.84
2016-08-01,50.38
2016-08-02,56.24
2016-08-03,54.49
2016-08-04,54.49
2016-08-05,49.21
2016-08-06,37.50
2016-08-07,39.25
2016-08-08,52.14
2016-08-09,53.31
2016-08-10,52.73
2016-08-11,55.07
2016-08-12,49.21
2016-08-13,39.25
2016-08-14,39.25
2016-08-15,49.21
2016-08-16,53.31
2016-08-17,53.31
2016-08-18,53.31
2016-08-19,49.21
2016-08-20,41.60
2016-08-21,40.43
2016-08-22,55.66
2016-08-23,58.00
2016-08-24,57.42
2016-08-25,54.49
2016-08-26,49.21
2016-08-27,40.43
2016-08-28,39.25
2016-08-29,53.31
2016-08-30,57.42
2016-08-31,56.83
2016-09-01,52.73
2016-09-02,51.56
2016-09-03,42.18
2016-09-04,41.60
2016-09-05,50.97
2016-09-06,56.24
2016-09-07,58.00
2016-09-08,58.59
2016-09-09,52.73
2016-09-10,41.60
2016-09-11,41.60
2016-09-12,55.66
2016-09-13,57.42
2016-09-14,56.83
2016-09-15,56.83
2016-09-16,51.56
2016-09-17,41.84
2016-09-18,45.58
2016-09-19,55.29
2016-09-20,59.78
2016-09-21,59.03
2016-09-22,56.79
2016-09-23,54.55
2016-09-24,41.10
2016-09-25,42.59
2016-09-26,58.28
2016-09-27,60.52
2016-09-28,58.28
2016-09-29,57.53
2016-09-30,52.30
2016-10-01,41.10
2016-10-02,41.84
2016-10-03,55.29
2016-10-04,57.53
2016-10-05,56.04
2016-10-06,55.29
2016-10-07,50.81
2016-10-08,40.35
2016-10-09,42.59
2016-10-10,53.80
2016-10-11,55.29
2016-10-12,56.04
2016-10-13,53.80
2016-10-14,53.05
2016-10-15,39.60
2016-10-16,41.84
2016-10-17,53.80
2016-10-18,56.79
2016-10-19,55.29
2016-10-20,56.04
2016-10-21,52.30
2016-10-22,41.84
2016-10-23,41.10
2016-10-24,57.53
2016-10-25,57.53
2016-10-26,68.74
2016-10-27,74.72
2016-10-28,63.51
2016-10-29,46.33
2016-10-30,46.33
2016-10-31,59.03
2016-11-01,56.79
2016-11-02,62.02
2016-11-03,62.02
2016-11-04,53.80
2016-11-05,42.59
2016-11-06,43.34
2016-11-07,57.53
2016-11-08,54.55
2016-11-09,49.32
2016-11-10,56.04
2016-11-11,50.81
2016-11-12,42.59
2016-11-13,42.59
2016-11-14,56.79
2016-11-15,59.03
2016-11-16,56.79
2016-11-17,58.28
2016-11-18,52.30
2016-11-19,41.84
2016-11-20,43.34
2016-11-21,58.28
2016-11-22,59.78
2016-11-23,54.55
2016-11-24,53.05
2016-11-25,56.04
2016-11-26,44.08
2016-11-27,46.33
2016-11-28,59.78
2016-11-29,59.78
2016-11-30,57.53
2016-12-01,56.79
2016-12-02,52.30
2016-12-03,41.84
2016-12-04,44.08
2016-12-05,55.29
2016-12-06,56.04
2016-12-07,55.29
2016-12-08,54.55
2016-12-09,50.06
2016-12-10,38.11
2016-12-11,38.85
2016-12-12,52.30
2016-12-13,54.55
2016-12-14,55.29
2016-12-15,55.29
2016-12-16,49.82
2016-12-17,40.10
2016-12-18,40.71
2016-12-19,51.65
2016-12-20,51.65
2016-12-21,50.43
2016-12-22,48.00
2016-12-23,43.14
2016-12-24,37.06
2016-12-25,43.14
2016-12-26,45.57
2016-12-27,48.00
2016-12-28,48.61
2016-12-29,46.79
2016-12-30,43.75
2016-12-31,32.20
2017-01-01,33.42
2017-01-02,43.75
2017-01-03,52.86
2017-01-04,54.08
2017-01-05,53.47
2017-01-06,48.00
2017-01-07,39.49
2017-01-08,41.93
2017-01-09,52.86
2017-01-10,54.68
2017-01-11,54.08
2017-01-12,55.90
2017-01-13,50.43
2017-01-14,40.71
2017-01-15,40.10
2017-01-16,53.47
2017-01-17,54.08
2017-01-18,55.90
2017-01-19,54.08
2017-01-20,50.43
2017-01-21,39.49
2017-01-22,40.71
2017-01-23,55.29
2017-01-24,55.90
2017-01-25,54.68
2017-01-26,52.86
2017-01-27,49.82
2017-01-28,38.28
2017-01-29,40.10
2017-01-30,52.86
2017-01-31,55.29
2017-02-01,54.68
2017-02-02,53.47
2017-02-03,50.43
2017-02-04,39.49
2017-02-05,40.10
2017-02-06,53.47
2017-02-07,55.29
2017-02-08,54.68
2017-02-09,54.08
2017-02-10,49.82
2017-02-11,38.89
2017-02-12,40.10
2017-02-13,52.25
2017-02-14,51.65
2017-02-15,53.47
2017-02-16,54.08
2017-02-17,49.82
2017-02-18,37.67
2017-02-19,39.49
2017-02-20,52.25
2017-02-21,54.68
2017-02-22,54.08
2017-02-23,52.86
2017-02-24,49.22
2017-02-25,39.49
2017-02-26,40.10
2017-02-27,52.86
2017-02-28,54.68
2017-03-01,54.08
2017-03-02,54.08
2017-03-03,50.43
2017-03-04,38.28
2017-03-05,40.10
2017-03-06,54.68
2017-03-07,60.76
2017-03-08,54.68
2017-03-09,54.68
2017-03-10,50.43
2017-03-11,38.89
2017-03-12,38.89
2017-03-13,50.43
2017-03-14,53.47
2017-03-15,55.90
2017-03-16,55.23
2017-03-17,49.17
2017-03-18,37.72
2017-03-19,40.41
2017-03-20,53.88
2017-03-21,63.31
2017-03-22,58.59
2017-03-23,55.23
2017-03-24,51.19
2017-03-25,38.39
2017-03-26,39.74
2017-03-27,52.53
2017-03-28,54.55
2017-03-29,53.88
2017-03-30,55.23
2017-03-31,49.84
2017-04-01,35.02
2017-04-02,38.39
2017-04-03,52.53
2017-04-04,54.55
2017-04-05,54.55
2017-04-06,53.21
2017-04-07,46.47
2017-04-08,36.37
2017-04-09,35.02
2017-04-10,50.51
2017-04-11,53.88
2017-04-12,52.53
2017-04-13,49.84
2017-04-14,42.43
2017-04-15,35.02
2017-04-16,35.02
2017-04-17,47.14
2017-04-18,52.53
2017-04-19,53.21
2017-04-20,51.86
2017-04-21,46.47
2017-04-22,35.70
2017-04-23,37.04
2017-04-24,52.53
2017-04-25,53.21
2017-04-26,52.53
2017-04-27,52.53
2017-04-28,46.47
2017-04-29,35.70
2017-04-30,36.37
2017-05-01,46.47
2017-05-02,58.59
2017-05-03,60.61
2017-05-04,55.23
2017-05-05,49.84
2017-05-06,36.37
2017-05-07,38.39
2017-05-08,52.53
2017-05-09,51.86
2017-05-10,53.21
2017-05-11,53.88
2017-05-12,51.19
2017-05-13,42.43
2017-05-14,44.45
2017-05-15,67.35
2017-05-16,59.94
2017-05-17,53.21
2017-05-18,49.84
2017-05-19,46.47
2017-05-20,34.35
2017-05-21,36.37
2017-05-22,48.49
2017-05-23,53.21
2017-05-24,52.53
2017-05-25,49.17
2017-05-26,43.78
2017-05-27,32.33
2017-05-28,31.65
2017-05-29,41.76
2017-05-30,48.49
2017-05-31,48.49
2017-06-01,48.49
2017-06-02,45.80
2017-06-03,33.00
2017-06-04,34.35
2017-06-05,47.14
2017-06-06,50.51
2017-06-07,48.49
2017-06-08,48.49
2017-06-09,43.78
2017-06-10,33.67
2017-06-11,40.41
2017-06-12,51.19
2017-06-13,51.19
2017-06-14,51.74
2017-06-15,49.53
2017-06-16,46.23
2017-06-17,33.57
2017-06-18,34.12
2017-06-19,49.53
2017-06-20,50.08
2017-06-21,48.43
2017-06-22,46.78
2017-06-23,43.48
2017-06-24,31.37
2017-06-25,32.47
2017-06-26,45.13
2017-06-27,49.53
2017-06-28,49.53
2017-06-29,46.23
2017-06-30,42.93
2017-07-01,31.92
2017-07-02,33.57
2017-07-03,44.58
2017-07-04,41.83
2017-07-05,46.23
2017-07-06,48.43
2017-07-07,44.58
2017-07-08,33.57
2017-07-09,33.57
2017-07-10,46.23
2017-07-11,50.64
2017-07-12,48.98
2017-07-13,48.98
2017-07-14,44.03
2017-07-15,31.92
2017-07-16,33.02
2017-07-17,47.33
2017-07-18,47.33
2017-07-19,48.98
2017-07-20,48.43
2017-07-21,45.13
2017-07-22,32.47
2017-07-23,31.92
2017-07-24,49.53
2017-07-25,48.98
2017-07-26,49.53
2017-07-27,48.98
2017-07-28,46.78
2017-07-29,35.22
2017-07-30,33.57
2017-07-31,47.33
2017-08-01,48.43
2017-08-02,48.98
2017-08-03,50.64
2017-08-04,44.58
2017-08-05,32.47
2017-08-06,33.57
2017-08-07,47.33
2017-08-08,49.53
2017-08-09,48.98
2017-08-10,51.74
2017-08-11,45.68
2017-08-12,34.67
2017-08-13,33.57
2017-08-14,48.43
2017-08-15,48.43
2017-08-16,48.98
2017-08-17,47.33
2017-08-18,47.33
2017-08-19,32.47
2017-08-20,35.22
2017-08-21,48.98
2017-08-22,52.29
2017-08-23,53.39
2017-08-24,49.53
2017-08-25,46.78
2017-08-26,33.57
2017-08-27,34.12
2017-08-28,48.98
2017-08-29,53.94
2017-08-30,54.49
2017-08-31,51.74
2017-09-01,47.88
2017-09-02,35.77
2017-09-03,35.22
2017-09-04,46.23
2017-09-05,55.04
2017-09-06,54.49
2017-09-07,53.94
2017-09-08,50.64
2017-09-09,35.22
2017-09-10,38.53
2017-09-11,52.84
2017-09-12,56.36
2017-09-13,56.95
2017-09-14,55.19
2017-09-15,49.90
2017-09-16,37.57
2017-09-17,38.75
2017-09-18,56.95
2017-09-19,55.19
2017-09-20,55.19
2017-09-21,51.66
2017-09-22,51.08
2017-09-23,38.16
2017-09-24,38.16
2017-09-25,56.36
2017-09-26,58.71
2017-09-27,56.36
2017-09-28,54.60
2017-09-29,49.90
2017-09-30,38.16
2017-10-01,38.75
2017-10-02,52.25
2017-10-03,54.60
2017-10-04,54.01
2017-10-05,52.25
2017-10-06,49.31
2017-10-07,36.40
2017-10-08,38.75
2017-10-09,52.84
2017-10-10,55.77
2017-10-11,55.19
2017-10-12,53.42
2017-10-13,48.73
2017-10-14,36.40
2017-10-15,37.57
2017-10-16,53.42
2017-10-17,56.95
2017-10-18,53.42
2017-10-19,52.25
2017-10-20,49.31
2017-10-21,35.81
2017-10-22,37.57
2017-10-23,55.19
2017-10-24,54.01
2017-10-25,53.42
2017-10-26,52.84
2017-10-27,48.14
2017-10-28,35.81
2017-10-29,37.57
2017-10-30,51.08
2017-10-31,52.25
2017-11-01,51.66
2017-11-02,54.01
2017-11-03,48.73
2017-11-04,36.40
2017-11-05,38.75
2017-11-06,52.25
2017-11-07,54.60
2017-11-08,55.77
2017-11-09,53.42
2017-11-10,49.90
2017-11-11,38.75
2017-11-12,38.16
2017-11-13,52.84
2017-11-14,55.77
2017-11-15,55.77
2017-11-16,55.77
2017-11-17,52.84
2017-11-18,39.33
2017-11-19,40.51
2017-11-20,55.77
2017-11-21,55.19
2017-11-22,52.25
2017-11-23,51.66
2017-11-24,51.66
2017-11-25,40.51
2017-11-26,41.10
2017-11-27,58.12
2017-11-28,57.53
2017-11-29,55.19
2017-11-30,52.25
2017-12-01,49.31
2017-12-02,37.57
2017-12-03,39.33
2017-12-04,53.42
2017-12-05,54.60
2017-12-06,54.01
2017-12-07,54.01
2017-12-08,50.49
2017-12-09,38.75
2017-12-10,38.75
2017-12-11,54.01
2017-12-12,56.36
2017-12-13,55.77
2017-12-14,56.36
2017-12-15,50.49
2017-12-16,37.57
2017-12-17,40.51
2017-12-18,51.66
2017-12-19,52.25
2017-12-20,50.49
2017-12-21,49.31
2017-12-22,44.03
2017-12-23,35.22
2017-12-24,33.46
2017-12-25,43.44
2017-12-26,48.73
2017-12-27,47.55
2017-12-28,46.38
2017-12-29,44.03
2017-12-30,34.64
2017-12-31,31.70
2018-01-01,35.22
2018-01-02,49.31
2018-01-03,50.49
2018-01-04,56.36
2018-01-05,50.49
2018-01-06,38.75
2018-01-07,39.33
2018-01-08,54.60
2018-01-09,56.95
2018-01-10,58.12
2018-01-11,55.19
2018-01-12,51.08
2018-01-13,38.16
2018-01-14,37.57
2018-01-15,49.31
2018-01-16,55.19
2018-01-17,55.19
2018-01-18,56.36
2018-01-19,52.25
2018-01-20,38.16
2018-01-21,39.33
2018-01-22,55.77
2018-01-23,58.12
2018-01-24,57.53
2018-01-25,55.19
2018-01-26,49.31
2018-01-27,39.33
2018-01-28,39.92
2018-01-29,55.19
2018-01-30,57.53
2018-01-31,58.12
2018-02-01,58.71
2018-02-02,51.66
2018-02-03,38.16
2018-02-04,39.92
2018-02-05,54.01
2018-02-06,56.36
2018-02-07,56.36
2018-02-08,55.19
2018-02-09,49.31
2018-02-10,35.81
2018-02-11,36.99
2018-02-12,50.49
2018-02-13,54.60
2018-02-14,53.42
2018-02-15,52.84
2018-02-16,50.49
2018-02-17,37.57
2018-02-18,38.16
2018-02-19,51.08
2018-02-20,55.19
2018-02-21,54.60
2018-02-22,54.60
2018-02-23,51.66
2018-02-24,38.75
2018-02-25,39.33
2018-02-26,56.36
2018-02-27,55.77
2018-02-28,54.01
2018-03-01,54.60
2018-03-02,51.08
2018-03-03,38.16
2018-03-04,39.92
2018-03-05,54.60
2018-03-06,54.60
2018-03-07,55.77
2018-03-08,52.25
2018-03-09,51.66
2018-03-10,39.33
2018-03-11,40.56
2018-03-12,54.70
2018-03-13,57.77
2018-03-14,57.16
2018-03-15,57.16
2018-03-16,51.63
2018-03-17,39.95
2018-03-18,39.95
2018-03-19,56.54
2018-03-20,59.62
2018-03-21,56.54
2018-03-22,54.70
2018-03-23,49.78
2018-03-24,39.95
2018-03-25,38.72
2018-03-26,54.70
2018-03-27,57.16
2018-03-28,55.93
2018-03-29,53.47
2018-03-30,44.87
2018-03-31,33.80
2018-04-01,34.42
2018-04-02,51.01
2018-04-03,52.86
2018-04-04,54.70
2018-04-05,53.47
2018-04-06,50.40
2018-04-07,37.49
2018-04-08,36.88
2018-04-09,54.70
2018-04-10,53.47
2018-04-11,54.08
2018-04-12,55.93
2018-04-13,49.17
2018-04-14,35.03
2018-04-15,36.88
2018-04-16,53.47
2018-04-17,54.08
2018-04-18,55.31
2018-04-19,53.47
2018-04-20,50.40
2018-04-21,35.03
2018-04-22,36.26
2018-04-23,51.63
2018-04-24,54.70
2018-04-25,52.24
2018-04-26,53.47
2018-04-27,50.40
2018-04-28,35.65
2018-04-29,36.88
2018-04-30,49.78
2018-05-01,49.78
2018-05-02,54.08
2018-05-03,52.24
2018-05-04,49.78
2018-05-05,33.80
2018-05-06,35.03
2018-05-07,52.24
2018-05-08,55.31
2018-05-09,55.31
2018-05-10,52.24
2018-05-11,48.55
2018-05-12,34.42
2018-05-13,35.03
2018-05-14,52.86
2018-05-15,53.47
2018-05-16,52.86
2018-05-17,52.24
2018-05-18,48.55
2018-05-19,33.19
2018-05-20,36.88
2018-05-21,51.63
2018-05-22,56.54
2018-05-23,56.54
2018-05-24,52.86
2018-05-25,47.94
2018-05-26,32.57
2018-05-27,35.03
2018-05-28,45.48
2018-05-29,52.24
2018-05-30,54.08
2018-05-31,49.78
2018-06-01,48.55
2018-06-02,35.65
2018-06-03,36.26
2018-06-04,61.46
2018-06-05,59.00
2018-06-06,55.31
2018-06-07,53.47
2018-06-08,49.78
2018-06-09,37.34
2018-06-10,47.92
2018-06-11,57.87
2018-06-12,53.52
2018-06-13,55.38
2018-06-14,52.27
2018-06-15,47.29
2018-06-16,32.98
2018-06-17,32.36
2018-06-18,51.65
2018-06-19,51.65
2018-06-20,51.65
2018-06-21,49.78
2018-06-22,45.43
2018-06-23,33.60
2018-06-24,32.98
2018-06-25,49.16
2018-06-26,49.78
2018-06-27,48.54
2018-06-28,51.65
2018-06-29,49.16
2018-06-30,33.60
2018-07-01,33.60
2018-07-02,46.05
2018-07-03,48.54
2018-07-04,45.43
2018-07-05,49.16
2018-07-06,41.69
2018-07-07,32.36
2018-07-08,33.60
2018-07-09,49.16
2018-07-10,52.27
2018-07-11,50.40
2018-07-12,52.27
2018-07-13,50.40
2018-07-14,33.60
2018-07-15,32.36
2018-07-16,50.40
2018-07-17,53.52
2018-07-18,53.52
2018-07-19,53.52
2018-07-20,48.54
2018-07-21,33.60
2018-07-22,35.47
2018-07-23,51.03
2018-07-24,52.89
2018-07-25,51.03
2018-07-26,50.40
2018-07-27,45.43
2018-07-28,32.98
2018-07-29,35.47
2018-07-30,52.27
2018-07-31,52.27
2018-08-01,52.27
2018-08-02,54.14
2018-08-03,47.92
2018-08-04,35.47
2018-08-05,35.47
2018-08-06,51.03
2018-08-07,52.27
2018-08-08,52.89
2018-08-09,51.03
2018-08-10,47.29
2018-08-11,36.09
2018-08-12,36.09
2018-08-13,51.65
2018-08-14,51.03
2018-08-15,51.03
2018-08-16,55.38
2018-08-17,47.29
2018-08-18,36.09
2018-08-19,36.71
2018-08-20,52.27
2018-08-21,53.52
2018-08-22,53.52
2018-08-23,52.27
2018-08-24,51.03
2018-08-25,35.47
2018-08-26,37.34
2018-08-27,54.76
2018-08-28,56.63
2018-08-29,57.25
2018-08-30,56.01
2018-08-31,50.40
2018-09-01,37.34
2018-09-02,39.20
2018-09-03,49.78
2018-09-04,62.23
2018-09-05,59.12
2018-09-06,57.87
2018-09-07,52.67
2018-09-08,37.06
2018-09-09,39.01
2018-09-10,57.87
2018-09-11,59.17
2018-09-12,59.17
2018-09-13,57.87
2018-09-14,53.97
2018-09-15,38.36
2018-09-16,40.32
2018-09-17,57.87
2018-09-18,57.22
2018-09-19,57.87
2018-09-20,56.57
2018-09-21,52.67
2018-09-22,37.71
2018-09-23,39.66
2018-09-24,57.87
2018-09-25,60.47
2018-09-26,58.52
2018-09-27,57.87
2018-09-28,52.67
2018-09-29,37.71
2018-09-30,39.01
2018-10-01,57.87
2018-10-02,61.77
2018-10-03,62.42
2018-10-04,59.82
2018-10-05,53.97
2018-10-06,39.66
2018-10-07,37.71
2018-10-08,54.62
2018-10-09,58.52
2018-10-10,59.17
2018-10-11,57.87
2018-10-12,53.32
2018-10-13,39.66
2018-10-14,40.32
2018-10-15,58.52
2018-10-16,65.02
2018-10-17,58.52
2018-10-18,57.87
2018-10-19,51.37
2018-10-20,36.41
2018-10-21,38.36
2018-10-22,55.92
2018-10-23,56.57
2018-10-24,57.87
2018-10-25,55.92
2018-10-26,52.02
2018-10-27,35.76
2018-10-28,35.76
2018-10-29,53.32
2018-10-30,55.92
2018-10-31,53.32
2018-11-01,53.32
2018-11-02,50.07
2018-11-03,36.41
2018-11-04,37.71
2018-11-05,53.97
2018-11-06,53.32
2018-11-07,55.27
2018-11-08,53.97
2018-11-09,51.37
2018-11-10,37.71
2018-11-11,38.36
2018-11-12,53.32
2018-11-13,57.22
2018-11-14,57.87
2018-11-15,57.22
2018-11-16,54.62
2018-11-17,40.97
2018-11-18,39.66
2018-11-19,57.87
2018-11-20,55.92
2018-11-21,56.57
2018-11-22,53.32
2018-11-23,55.27
2018-11-24,41.62
2018-11-25,42.92
2018-11-26,60.47
2018-11-27,57.87
2018-11-28,58.52
2018-11-29,57.22
2018-11-30,53.32
2018-12-01,38.36
2018-12-02,39.01
2018-12-03,54.62
2018-12-04,58.52
2018-12-05,55.27
2018-12-06,56.40
2018-12-07,49.07
2018-12-08,36.66
2018-12-09,37.22
2018-12-10,53.58
2018-12-11,55.27
2018-12-12,50.19
2018-12-13,53.58
2018-12-14,47.38
2018-12-15,36.10
2018-12-16,34.97
2018-12-17,47.38
2018-12-18,49.07
2018-12-19,51.32
2018-12-20,48.50
2018-12-21,43.43
2018-12-22,33.28
2018-12-23,32.15
2018-12-24,36.10
2018-12-25,39.48
2018-12-26,45.12
2018-12-27,44.56
2018-12-28,42.30
2018-12-29,34.97
2018-12-30,32.15
2018-12-31,34.40
