epoch,loss,mean_squared_error,val_loss,val_mean_squared_error
0,0.014465578979699412,0.014465578979699412,0.1427592933177948,0.1427592933177948
1,0.011983847741699107,0.011983847741699107,0.1640794056913127,0.1640794056913127
2,0.011858663730601841,0.011858663730601841,0.16114912084911182,0.16114912084911182
3,0.011670632505458649,0.011670632505458649,0.16100550475327866,0.16100550475327866
4,0.01148098926538619,0.01148098926538619,0.15707198303678763,0.15707198303678763
5,0.011561246771609114,0.011561246771609114,0.15450583268766818,0.15450583268766818
6,0.011365115620787734,0.011365115620787734,0.17122813540956247,0.17122813540956247
7,0.01128926667793889,0.01128926667793889,0.1492941755315532,0.1492941755315532
8,0.01108067997113288,0.01108067997113288,0.15669368596180624,0.15669368596180624
9,0.011177928443719572,0.011177928443719572,0.14797735667747,0.14797735667747
10,0.011017949616310195,0.011017949616310195,0.15078934184882953,0.15078934184882953
11,0.01084562927205986,0.01084562927205986,0.14974524793417557,0.14974524793417557
12,0.010787831854388535,0.010787831854388535,0.15083483509395434,0.15083483509395434
13,0.01069363401593449,0.01069363401593449,0.14297709581644638,0.14297709581644638
14,0.010602180463061711,0.010602180463061711,0.14488572206186212,0.14488572206186212
15,0.010560711985018767,0.010560711985018767,0.13702828599059064,0.13702828599059064
16,0.010455817253999064,0.010455817253999064,0.13436959619107453,0.13436959619107453
17,0.010368180687530575,0.010368180687530575,0.13129585333492444,0.13129585333492444
18,0.010272086998360736,0.010272086998360736,0.1413016202657119,0.1413016202657119
19,0.010202337970313068,0.010202337970313068,0.1387893849092981,0.1387893849092981
20,0.010028770045490465,0.010028770045490465,0.13549248291098553,0.13549248291098553
21,0.009947687230795343,0.009947687230795343,0.14326799693314926,0.14326799693314926
22,0.00994490238481036,0.00994490238481036,0.13841191063756528,0.13841191063756528
23,0.00988939774405455,0.00988939774405455,0.13225469317125238,0.13225469317125238
24,0.009796621982948246,0.009796621982948246,0.1324127549710481,0.1324127549710481
25,0.009721577119639266,0.009721577119639266,0.13139685405337292,0.13139685405337292
26,0.009645370296507237,0.009645370296507237,0.1300632305767225,0.1300632305767225
27,0.009617904053182802,0.009617904053182802,0.12066993959572005,0.12066993959572005
28,0.009486194595555279,0.009486194595555279,0.12832458576430444,0.12832458576430444
29,0.009426366359378411,0.009426366359378411,0.13162165426689645,0.13162165426689645
30,0.009371031284610802,0.009371031284610802,0.12788003294364267,0.12788003294364267
31,0.009263890020758192,0.009263890020758192,0.12489229246326115,0.12489229246326115
32,0.00923076621909565,0.00923076621909565,0.10685325640699138,0.10685325640699138
33,0.009168478851772357,0.009168478851772357,0.1355506252983342,0.1355506252983342
34,0.009143871942830978,0.009143871942830978,0.12181905689446823,0.12181905689446823
35,0.00907791666164298,0.00907791666164298,0.12099837868109993,0.12099837868109993
36,0.009027906502031278,0.009027906502031278,0.11819157457869986,0.11819157457869986
37,0.008924345398826576,0.008924345398826576,0.11522680715374324,0.11522680715374324
38,0.008837350348236963,0.008837350348236963,0.11895703362381976,0.11895703362381976
39,0.008767753591430243,0.008767753591430243,0.11901966061281122,0.11901966061281122
40,0.008744557113952446,0.008744557113952446,0.12846784423226895,0.12846784423226895
41,0.008689566010557046,0.008689566010557046,0.11751021380009859,0.11751021380009859
42,0.008629776023885358,0.008629776023885358,0.11233861355677895,0.11233861355677895
43,0.00852716949150384,0.00852716949150384,0.11856223513250766,0.11856223513250766
44,0.0084652459492611,0.0084652459492611,0.11336791904076286,0.11336791904076286
45,0.008421418444192577,0.008421418444192577,0.11770066748494687,0.11770066748494687
46,0.008383260413168747,0.008383260413168747,0.11090435087680817,0.11090435087680817
47,0.008315761782507473,0.008315761782507473,0.10389792206494705,0.10389792206494705
48,0.008274732235923548,0.008274732235923548,0.11119369708973428,0.11119369708973428
49,0.008209376935368386,0.008209376935368386,0.1056180881417316,0.1056180881417316
50,0.00808923545284806,0.00808923545284806,0.10436853442503058,0.10436853442503058
51,0.00800049721446132,0.00800049721446132,0.11481635337290556,0.11481635337290556
52,0.008093010381769353,0.008093010381769353,0.1057238054016362,0.1057238054016362
53,0.007984336574396518,0.007984336574396518,0.11289074239523514,0.11289074239523514
54,0.007906408188429392,0.007906408188429392,0.09946382175321164,0.09946382175321164
55,0.007840632961488495,0.007840632961488495,0.1008597942798034,0.1008597942798034
56,0.007822538251666544,0.007822538251666544,0.1023112230974695,0.1023112230974695
57,0.007778740266042057,0.007778740266042057,0.10218414340330206,0.10218414340330206
58,0.007728310519498642,0.007728310519498642,0.09759538523528886,0.09759538523528886
59,0.007641651376072213,0.007641651376072213,0.10471585198588994,0.10471585198588994
60,0.007591024820179304,0.007591024820179304,0.104477993172148,0.104477993172148
61,0.007585288303965163,0.007585288303965163,0.10095460648122041,0.10095460648122041
62,0.007520632770469534,0.007520632770469534,0.0954772570858831,0.0954772570858831
63,0.007443712306182797,0.007443712306182797,0.09760029549184053,0.09760029549184053
64,0.007424420302855634,0.007424420302855634,0.1040828111379043,0.1040828111379043
65,0.0073866912111570345,0.0073866912111570345,0.10143155118693477,0.10143155118693477
66,0.007312677661392176,0.007312677661392176,0.09088040434795877,0.09088040434795877
67,0.007199021844001853,0.007199021844001853,0.09263297202794449,0.09263297202794449
68,0.007177740100457846,0.007177740100457846,0.09899436844431836,0.09899436844431836
69,0.007164224194554246,0.007164224194554246,0.09811277104460675,0.09811277104460675
70,0.0070971571970905095,0.0070971571970905095,0.09394849124162094,0.09394849124162094
71,0.00708943767751628,0.00708943767751628,0.09583739741988805,0.09583739741988805
72,0.007022362759458684,0.007022362759458684,0.09496770410434059,0.09496770410434059
73,0.006954264026309285,0.006954264026309285,0.0914347353188888,0.0914347353188888
74,0.006902722489506563,0.006902722489506563,0.08713018116743668,0.08713018116743668
75,0.006893192953212518,0.006893192953212518,0.09308315619178441,0.09308315619178441
76,0.006842191509519504,0.006842191509519504,0.08856545453486235,0.08856545453486235
77,0.0068000251705819205,0.0068000251705819205,0.09205156694287839,0.09205156694287839
78,0.006751384638319506,0.006751384638319506,0.08741512829842775,0.08741512829842775
79,0.006673447783409714,0.006673447783409714,0.09201586894367052,0.09201586894367052
80,0.006680314411696429,0.006680314411696429,0.09002237993737926,0.09002237993737926
81,0.006620227385347135,0.006620227385347135,0.08455591098121974,0.08455591098121974
82,0.006562598685028954,0.006562598685028954,0.08536640327909718,0.08536640327909718
83,0.006526854307016479,0.006526854307016479,0.08866041704364445,0.08866041704364445
84,0.006485173648449583,0.006485173648449583,0.08878473419210185,0.08878473419210185
85,0.006433442844269431,0.006433442844269431,0.0797684257445128,0.0797684257445128
86,0.006378551662211942,0.006378551662211942,0.08834181790766509,0.08834181790766509
87,0.006332978366865454,0.006332978366865454,0.07857748347779979,0.07857748347779979
88,0.0063090149974711586,0.0063090149974711586,0.0899783554284469,0.0899783554284469
89,0.0062679225430937015,0.0062679225430937015,0.08066399460253508,0.08066399460253508
90,0.006226467947849882,0.006226467947849882,0.07985180940317071,0.07985180940317071
91,0.006182724858033601,0.006182724858033601,0.07729269726120908,0.07729269726120908
92,0.006162184556058356,0.006162184556058356,0.07714218581500261,0.07714218581500261
93,0.006149194634162656,0.006149194634162656,0.08056926338568977,0.08056926338568977
94,0.006071159150451422,0.006071159150451422,0.07663053468517635,0.07663053468517635
95,0.006031192151533666,0.006031192151533666,0.08539516964684361,0.08539516964684361
96,0.005997314535638439,0.005997314535638439,0.07323526267124258,0.07323526267124258
97,0.005961109044152164,0.005961109044152164,0.07505034914483195,0.07505034914483195
98,0.0058947538121420645,0.0058947538121420645,0.08356214671031288,0.08356214671031288
99,0.005881150618682955,0.005881150618682955,0.07463403208100278,0.07463403208100278
100,0.005887353657875384,0.005887353657875384,0.07681989702193634,0.07681989702193634
101,0.0058164132724159235,0.0058164132724159235,0.07941875865925914,0.07941875865925914
102,0.005764450381779782,0.005764450381779782,0.07702975072290587,0.07702975072290587
103,0.005741549786354337,0.005741549786354337,0.07622321371151053,0.07622321371151053
104,0.005681638514501191,0.005681638514501191,0.07653189968803654,0.07653189968803654
105,0.00566904180439485,0.00566904180439485,0.07326558718214864,0.07326558718214864
106,0.005632158542904898,0.005632158542904898,0.07112007717723431,0.07112007717723431
107,0.005599436345814823,0.005599436345814823,0.0746183103841284,0.0746183103841284
108,0.005552363272965233,0.005552363272965233,0.0701265377194985,0.0701265377194985
109,0.005520573538667131,0.005520573538667131,0.0747819435985192,0.0747819435985192
110,0.0054599179659978805,0.0054599179659978805,0.07492560601752737,0.07492560601752737
111,0.005434598760661957,0.005434598760661957,0.07375758368036021,0.07375758368036021
112,0.00541407884333596,0.00541407884333596,0.07143642526605855,0.07143642526605855
113,0.005395104251279731,0.005395104251279731,0.07170507538577785,0.07170507538577785
114,0.005343087781307714,0.005343087781307714,0.07333483385003131,0.07333483385003131
115,0.005306790304309297,0.005306790304309297,0.06911359209081401,0.06911359209081401
116,0.005262191067928466,0.005262191067928466,0.06842680761347646,0.06842680761347646
117,0.0052467518590529946,0.0052467518590529946,0.07394061107998309,0.07394061107998309
118,0.005196048603958894,0.005196048603958894,0.06536598730346431,0.06536598730346431
119,0.005183280915648581,0.005183280915648581,0.06386760654656784,0.06386760654656784
120,0.005119237574426649,0.005119237574426649,0.0695625799505607,0.0695625799505607
121,0.00510965618870665,0.00510965618870665,0.06428083583064702,0.06428083583064702
122,0.005084658659576813,0.005084658659576813,0.06438171086104019,0.06438171086104019
123,0.005020671463179811,0.005020671463179811,0.06882288436526837,0.06882288436526837
124,0.005004315824186969,0.005004315824186969,0.06146124134893003,0.06146124134893003
125,0.004967108242666331,0.004967108242666331,0.06453830036132233,0.06453830036132233
126,0.004942661777974289,0.004942661777974289,0.060700959485510124,0.060700959485510124
127,0.004917212213589766,0.004917212213589766,0.0642813939763152,0.0642813939763152
128,0.0048834445481580275,0.0048834445481580275,0.0629900460657866,0.0629900460657866
129,0.004854373888452059,0.004854373888452059,0.06509226916924767,0.06509226916924767
130,0.004812874191518978,0.004812874191518978,0.061804694002089294,0.061804694002089294
131,0.004801991208517384,0.004801991208517384,0.06124564810939457,0.06124564810939457
132,0.004758540493061888,0.004758540493061888,0.060978688947532486,0.060978688947532486
133,0.004717665341482541,0.004717665341482541,0.06547931128222009,0.06547931128222009
134,0.004693928857934531,0.004693928857934531,0.05771945838047111,0.05771945838047111
135,0.004671075781720264,0.004671075781720264,0.05820241797229518,0.05820241797229518
136,0.004643170798423691,0.004643170798423691,0.06010712553625521,0.06010712553625521
137,0.004609045914208917,0.004609045914208917,0.0587359465982603,0.0587359465982603
138,0.004599563333545333,0.004599563333545333,0.05937933273937391,0.05937933273937391
139,0.004561871816795841,0.004561871816795841,0.05796127572007801,0.05796127572007801
140,0.004521982285202803,0.004521982285202803,0.05992538741101389,0.05992538741101389
141,0.004498394558676214,0.004498394558676214,0.05826485059831454,0.05826485059831454
142,0.0044675510176500986,0.0044675510176500986,0.05909144522055336,0.05909144522055336
143,0.004439293319864251,0.004439293319864251,0.05697033457134081,0.05697033457134081
144,0.0044309923024935145,0.0044309923024935145,0.05829967752746914,0.05829967752746914
145,0.0043906524873155856,0.0043906524873155856,0.0559674362125604,0.0559674362125604
146,0.004338626741109608,0.004338626741109608,0.06067377166903537,0.06067377166903537
147,0.004345556529604386,0.004345556529604386,0.05619144860817039,0.05619144860817039
148,0.004296436918916824,0.004296436918916824,0.058216541681600655,0.058216541681600655
149,0.004282771603195606,0.004282771603195606,0.056267833904079766,0.056267833904079766
150,0.004252783801824411,0.004252783801824411,0.05492407828569412,0.05492407828569412
151,0.004225013044305912,0.004225013044305912,0.054651211785233536,0.054651211785233536
152,0.00420096990539231,0.00420096990539231,0.054108746349811554,0.054108746349811554
153,0.004193999830668218,0.004193999830668218,0.05403478346441103,0.05403478346441103
154,0.0041245835458981655,0.0041245835458981655,0.055252900266129036,0.055252900266129036
155,0.0041262874854119305,0.0041262874854119305,0.054680105784664985,0.054680105784664985
156,0.004101716932866757,0.004101716932866757,0.05277088187311007,0.05277088187311007
157,0.004079494533938504,0.004079494533938504,0.050289465681366295,0.050289465681366295
158,0.004031803798383084,0.004031803798383084,0.05245541003735169,0.05245541003735169
159,0.004003816329935026,0.004003816329935026,0.053289608786935394,0.053289608786935394
160,0.0039991990262729545,0.0039991990262729545,0.0499353914157204,0.0499353914157204
161,0.003962526992224505,0.003962526992224505,0.05068836652714273,0.05068836652714273
162,0.003949227847298172,0.003949227847298172,0.049391396667646324,0.049391396667646324
163,0.003909009785138976,0.003909009785138976,0.049607731725858605,0.049607731725858605
164,0.0038940267698299664,0.0038940267698299664,0.04847327911335489,0.04847327911335489
165,0.0038581945972569354,0.0038581945972569354,0.05164592875086743,0.05164592875086743
166,0.0038791265356067184,0.0038791265356067184,0.04863332082395968,0.04863332082395968
167,0.003815766347781102,0.003815766347781102,0.049928920748441116,0.049928920748441116
168,0.0037923716139222417,0.0037923716139222417,0.048569583374521004,0.048569583374521004
169,0.0037591094999774315,0.0037591094999774315,0.04701641947031021,0.04701641947031021
170,0.0037371079071868802,0.0037371079071868802,0.046884411379047065,0.046884411379047065
171,0.0037221616160159356,0.0037221616160159356,0.048580922834251236,0.048580922834251236
172,0.0037039187084013056,0.0037039187084013056,0.046254452479922256,0.046254452479922256
173,0.0036757988507084755,0.0036757988507084755,0.04853408135797666,0.04853408135797666
174,0.003651266040663435,0.003651266040663435,0.0473173623499663,0.0473173623499663
175,0.0036227203683631723,0.0036227203683631723,0.048831305750038315,0.048831305750038315
176,0.0036066819730902386,0.0036066819730902386,0.04549917351940404,0.04549917351940404
177,0.00358524700957481,0.00358524700957481,0.04640845695267553,0.04640845695267553
178,0.0035633939540309603,0.0035633939540309603,0.046513225397338036,0.046513225397338036
179,0.0035102831212821127,0.0035102831212821127,0.040568959777769836,0.040568959777769836
180,0.0035205653772872186,0.0035205653772872186,0.044391373253386955,0.044391373253386955
181,0.003498567192092816,0.003498567192092816,0.04486554407555124,0.04486554407555124
182,0.0034695032344278054,0.0034695032344278054,0.046275309570457626,0.046275309570457626
183,0.003470870563934479,0.003470870563934479,0.044407916457756706,0.044407916457756706
184,0.0034480219332623145,0.0034480219332623145,0.04307140831066215,0.04307140831066215
185,0.0034022316767477264,0.0034022316767477264,0.04268905617620634,0.04268905617620634
186,0.0033890369792129393,0.0033890369792129393,0.04547620435123858,0.04547620435123858
187,0.0033769832910952448,0.0033769832910952448,0.04334593661453413,0.04334593661453413
188,0.003348551311956666,0.003348551311956666,0.04070926603415738,0.04070926603415738
189,0.003326878608770181,0.003326878608770181,0.041724722994410476,0.041724722994410476
190,0.0033060497295320313,0.0033060497295320313,0.04099428815686185,0.04099428815686185
191,0.003296070536337445,0.003296070536337445,0.04203321622765582,0.04203321622765582
192,0.003258798641335463,0.003258798641335463,0.04068668510602868,0.04068668510602868
193,0.0032424712597140084,0.0032424712597140084,0.04129211345444555,0.04129211345444555
194,0.003232265102337593,0.003232265102337593,0.04095213730698046,0.04095213730698046
195,0.003218075491174638,0.003218075491174638,0.03984870729239091,0.03984870729239091
196,0.003184768160213238,0.003184768160213238,0.04136037777947343,0.04136037777947343
197,0.0031624339220644995,0.0031624339220644995,0.03943617366578268,0.03943617366578268
198,0.0031501240582231466,0.0031501240582231466,0.0404724580762179,0.0404724580762179
199,0.003120609219664725,0.003120609219664725,0.036950970311527664,0.036950970311527664
200,0.0031101279739708266,0.0031101279739708266,0.03843488317468892,0.03843488317468892
201,0.0030946786728661474,0.0030946786728661474,0.03714543532418168,0.03714543532418168
202,0.0030725074640396877,0.0030725074640396877,0.03770862373968829,0.03770862373968829
203,0.003054529369730398,0.003054529369730398,0.037718472759360855,0.037718472759360855
204,0.003032625713777319,0.003032625713777319,0.03810850109743035,0.03810850109743035
205,0.0030172057101659684,0.0030172057101659684,0.03791476073472396,0.03791476073472396
206,0.003004465374016316,0.003004465374016316,0.0380637904872065,0.0380637904872065
207,0.002976722512655308,0.002976722512655308,0.03593679015403208,0.03593679015403208
208,0.002957751658945301,0.002957751658945301,0.03662258856322454,0.03662258856322454
209,0.0029455045843061723,0.0029455045843061723,0.038692931280187935,0.038692931280187935
210,0.0029296441412765845,0.0029296441412765845,0.035030539107063545,0.035030539107063545
211,0.002917023682444591,0.002917023682444591,0.03668426544122074,0.03668426544122074
212,0.0028839264104195007,0.0028839264104195007,0.037091993605313095,0.037091993605313095
213,0.0028604019311404675,0.0028604019311404675,0.03558610460680464,0.03558610460680464
214,0.002852554187161204,0.002852554187161204,0.03476325908432836,0.03476325908432836
215,0.0028370350499193524,0.0028370350499193524,0.035751603381789246,0.035751603381789246
216,0.002819924893849921,0.002819924893849921,0.03455491752728172,0.03455491752728172
217,0.0027989549714654127,0.0027989549714654127,0.034929385813681976,0.034929385813681976
218,0.0027879920209296673,0.0027879920209296673,0.03551577177384625,0.03551577177384625
219,0.002773514526643764,0.002773514526643764,0.03515229260791903,0.03515229260791903
220,0.002744177275850812,0.002744177275850812,0.034746628740559456,0.034746628740559456
221,0.002738634777194429,0.002738634777194429,0.03305535747305206,0.03305535747305206
222,0.0027113261993835184,0.0027113261993835184,0.03482866659760475,0.03482866659760475
223,0.0027052214201626792,0.0027052214201626792,0.0329123991339103,0.0329123991339103
224,0.002682414856765454,0.002682414856765454,0.032192703498446426,0.032192703498446426
225,0.0026705341574640197,0.0026705341574640197,0.033261351611303246,0.033261351611303246
226,0.0026631030106098854,0.0026631030106098854,0.034196624937264816,0.034196624937264816
227,0.0026342231501764227,0.0026342231501764227,0.033248271469188774,0.033248271469188774
228,0.002623084672535204,0.002623084672535204,0.032959688778804695,0.032959688778804695
229,0.0026094099750446384,0.0026094099750446384,0.03166943658953127,0.03166943658953127
230,0.0025927714054759976,0.0025927714054759976,0.030290453816237656,0.030290453816237656
231,0.0025767199880069244,0.0025767199880069244,0.03234473599687866,0.03234473599687866
232,0.002559271371253183,0.002559271371253183,0.032120336171077644,0.032120336171077644
233,0.002544895345432179,0.002544895345432179,0.03226651073150013,0.03226651073150013
234,0.002525902818888426,0.002525902818888426,0.03012496216789536,0.03012496216789536
235,0.0025201802703369164,0.0025201802703369164,0.029881256753983704,0.029881256753983704
236,0.002489028028517126,0.002489028028517126,0.030212781351545582,0.030212781351545582
237,0.0024794289389642597,0.0024794289389642597,0.031067323101603466,0.031067323101603466
238,0.0024726722872528794,0.0024726722872528794,0.03018156098930732,0.03018156098930732
239,0.002441577012781228,0.002441577012781228,0.030685970154793366,0.030685970154793366
240,0.0024338181535321695,0.0024338181535321695,0.02868204758219097,0.02868204758219097
241,0.002422670951269776,0.002422670951269776,0.029302721438200577,0.029302721438200577
242,0.002407246001639238,0.002407246001639238,0.030653966023870136,0.030653966023870136
243,0.0024008085694442564,0.0024008085694442564,0.02722861212880715,0.02722861212880715
244,0.0023812799579594457,0.0023812799579594457,0.028602501134509625,0.028602501134509625
245,0.0023671328394769507,0.0023671328394769507,0.02835371669219888,0.02835371669219888
246,0.0023488119531805828,0.0023488119531805828,0.027390708903903545,0.027390708903903545
247,0.0023221298029524424,0.0023221298029524424,0.028831219057673992,0.028831219057673992
248,0.0023265971484480895,0.0023265971484480895,0.028602305961691814,0.028602305961691814
249,0.0023088056276439227,0.0023088056276439227,0.027819449972847233,0.027819449972847233
250,0.002294908015483938,0.002294908015483938,0.028106563117193138,0.028106563117193138
251,0.002288025564505397,0.002288025564505397,0.02716518015317295,0.02716518015317295
252,0.0022709593242121353,0.0022709593242121353,0.0274194466031116,0.0274194466031116
253,0.0022571283157601534,0.0022571283157601534,0.02629409131148587,0.02629409131148587
254,0.002237278962655811,0.002237278962655811,0.028815488938404167,0.028815488938404167
255,0.0022335212664661287,0.0022335212664661287,0.02756187368346297,0.02756187368346297
256,0.0022181068551422,0.0022181068551422,0.02695831202942392,0.02695831202942392
257,0.0021922189968629417,0.0021922189968629417,0.02558632518934167,0.02558632518934167
258,0.002181236342761979,0.002181236342761979,0.02735141227426736,0.02735141227426736
259,0.0021778952186735714,0.0021778952186735714,0.026175749528667202,0.026175749528667202
260,0.0021655540673984823,0.0021655540673984823,0.02477876599068227,0.02477876599068227
261,0.002160829481033382,0.002160829481033382,0.024553583206042,0.024553583206042
262,0.0021342170396471552,0.0021342170396471552,0.026910881957282192,0.026910881957282192
263,0.0021255249070508456,0.0021255249070508456,0.025695888082618298,0.025695888082618298
264,0.0021097850594147343,0.0021097850594147343,0.024569935124853382,0.024569935124853382
265,0.0020979618681942888,0.0020979618681942888,0.02535642165204753,0.02535642165204753
266,0.0020894356143756586,0.0020894356143756586,0.023837648979995563,0.023837648979995563
267,0.0020758391458053733,0.0020758391458053733,0.024685498650955116,0.024685498650955116
268,0.002056144541303549,0.002056144541303549,0.022803318889244743,0.022803318889244743
269,0.0020438566125024144,0.0020438566125024144,0.024714767123046127,0.024714767123046127
270,0.0020398104946329214,0.0020398104946329214,0.023916727336852447,0.023916727336852447
271,0.002023560455216913,0.002023560455216913,0.02359792800701183,0.02359792800701183
272,0.0020030500610994403,0.0020030500610994403,0.021982005108957706,0.021982005108957706
273,0.002008985791129069,0.002008985791129069,0.024636021774748097,0.024636021774748097
274,0.0019877631495767664,0.0019877631495767664,0.022927743909151657,0.022927743909151657
275,0.0019758451299167405,0.0019758451299167405,0.023608185674833214,0.023608185674833214
276,0.0019664558381817052,0.0019664558381817052,0.02303923796052518,0.02303923796052518
277,0.0019567671469108107,0.0019567671469108107,0.023236315859400707,0.023236315859400707
278,0.0019406579678582254,0.0019406579678582254,0.022431217457937157,0.022431217457937157
279,0.0019336792000647738,0.0019336792000647738,0.022774137394583744,0.022774137394583744
280,0.0019153415412581135,0.0019153415412581135,0.022095326010299766,0.022095326010299766
281,0.0019165945335108544,0.0019165945335108544,0.022592465352752934,0.022592465352752934
282,0.001891807551826481,0.001891807551826481,0.0211441264204357,0.0211441264204357
283,0.0018904409110197954,0.0018904409110197954,0.02078755288992239,0.02078755288992239
284,0.0018748920095353343,0.0018748920095353343,0.02258126065135002,0.02258126065135002
285,0.0018696691296890239,0.0018696691296890239,0.021440761163830757,0.021440761163830757
286,0.001861294684714037,0.001861294684714037,0.021498375936694767,0.021498375936694767
287,0.0018449540698256726,0.0018449540698256726,0.02211368294513744,0.02211368294513744
288,0.0018373495109257436,0.0018373495109257436,0.02093868322022583,0.02093868322022583
289,0.0018293331768885952,0.0018293331768885952,0.020712225333504055,0.020712225333504055
290,0.0018124032883130223,0.0018124032883130223,0.02092343714574109,0.02092343714574109
291,0.0018071586888492386,0.0018071586888492386,0.02083747995936352,0.02083747995936352
292,0.0017977173834012074,0.0017977173834012074,0.02067350652878699,0.02067350652878699
293,0.0017771472834555485,0.0017771472834555485,0.021817279493679172,0.021817279493679172
294,0.0017710948399938295,0.0017710948399938295,0.020632262139216713,0.020632262139216713
295,0.0017566203855622178,0.0017566203855622178,0.020276182290652523,0.020276182290652523
296,0.0017525239251379933,0.0017525239251379933,0.02075558568796386,0.02075558568796386
297,0.0017441214556222625,0.0017441214556222625,0.019979226443430653,0.019979226443430653
298,0.0017335781583858428,0.0017335781583858428,0.02056076571993206,0.02056076571993206
299,0.0017219436388662972,0.0017219436388662972,0.020271739477048748,0.020271739477048748
300,0.0017215825506338032,0.0017215825506338032,0.020676065965191177,0.020676065965191177
301,0.0017063835772868489,0.0017063835772868489,0.01996408815941085,0.01996408815941085
302,0.0016898787493391015,0.0016898787493391015,0.018916786526856216,0.018916786526856216
303,0.0016832180010050396,0.0016832180010050396,0.020125583786031475,0.020125583786031475
304,0.0016658464936261004,0.0016658464936261004,0.020389943019203518,0.020389943019203518
305,0.0016585533239521853,0.0016585533239521853,0.020006677783701732,0.020006677783701732
306,0.0016558027715274247,0.0016558027715274247,0.01907346745871979,0.01907346745871979
307,0.0016528619790589002,0.0016528619790589002,0.01919518216796543,0.01919518216796543
308,0.00162726005204196,0.00162726005204196,0.019723841515572174,0.019723841515572174
309,0.0016347359491634035,0.0016347359491634035,0.018557567878261856,0.018557567878261856
310,0.0016079272326325702,0.0016079272326325702,0.017675555513604828,0.017675555513604828
311,0.0016095957079049303,0.0016095957079049303,0.01778964520148609,0.01778964520148609
312,0.001598603503395603,0.001598603503395603,0.018443968228023987,0.018443968228023987
313,0.0015860319433507518,0.0015860319433507518,0.01906761178827804,0.01906761178827804
314,0.0015813321871770041,0.0015813321871770041,0.01844723085346429,0.01844723085346429
315,0.0015677734382589844,0.0015677734382589844,0.017830227542182674,0.017830227542182674
316,0.0015562619224068857,0.0015562619224068857,0.017169670485284016,0.017169670485284016
317,0.0015552382563702135,0.0015552382563702135,0.01735756716326527,0.01735756716326527
318,0.0015419634204862692,0.0015419634204862692,0.017680525455785835,0.017680525455785835
319,0.001535099374008513,0.001535099374008513,0.01783744934136453,0.01783744934136453
320,0.0015251019743279875,0.0015251019743279875,0.01795306162017843,0.01795306162017843
321,0.001515037812092385,0.001515037812092385,0.01795119986585949,0.01795119986585949
322,0.0015079859343888325,0.0015079859343888325,0.01646827331379704,0.01646827331379704
323,0.0015023206153919346,0.0015023206153919346,0.01715073281008264,0.01715073281008264
324,0.001488838209901179,0.001488838209901179,0.01689267547234245,0.01689267547234245
325,0.0014890374084847553,0.0014890374084847553,0.01747476900725261,0.01747476900725261
326,0.0014735194081962806,0.0014735194081962806,0.016596555142946865,0.016596555142946865
327,0.001464582245283386,0.001464582245283386,0.01629686379886192,0.01629686379886192
328,0.0014650510095286175,0.0014650510095286175,0.01621629621671594,0.01621629621671594
329,0.0014491733723911936,0.0014491733723911936,0.016700255077170288,0.016700255077170288
330,0.001442183610965785,0.001442183610965785,0.016163214636237724,0.016163214636237724
331,0.0014208047726914008,0.0014208047726914008,0.018040991590722748,0.018040991590722748
332,0.0014286603763368781,0.0014286603763368781,0.016378954214894253,0.016378954214894253
333,0.0014166500926383328,0.0014166500926383328,0.015964641924137653,0.015964641924137653
334,0.0014092891322553297,0.0014092891322553297,0.01607644412180652,0.01607644412180652
335,0.0014010458373003335,0.0014010458373003335,0.015878620921917583,0.015878620921917583
336,0.0013946867384730238,0.0013946867384730238,0.015092362609246502,0.015092362609246502
337,0.001376112688019454,0.001376112688019454,0.017051265453514847,0.017051265453514847
338,0.0013832009922948047,0.0013832009922948047,0.015453685803905777,0.015453685803905777
339,0.0013724854324778943,0.0013724854324778943,0.015718565281966457,0.015718565281966457
340,0.0013646297918406324,0.0013646297918406324,0.015179234921284344,0.015179234921284344
341,0.001357422045989084,0.001357422045989084,0.015502637819103573,0.015502637819103573
342,0.0013416276637586617,0.0013416276637586617,0.014169690158704052,0.014169690158704052
343,0.0013452443494417958,0.0013452443494417958,0.014983759383144587,0.014983759383144587
344,0.0013337312625268491,0.0013337312625268491,0.014427733648082485,0.014427733648082485
345,0.0013266497707238125,0.0013266497707238125,0.014445125975686571,0.014445125975686571
346,0.0013165732347362928,0.0013165732347362928,0.014671081110187199,0.014671081110187199
347,0.0013114220841361263,0.0013114220841361263,0.014951073200158451,0.014951073200158451
348,0.0013047444479644438,0.0013047444479644438,0.015198065615866495,0.015198065615866495
349,0.001297621729905569,0.001297621729905569,0.01440662429060625,0.01440662429060625
350,0.0012925026152787783,0.0012925026152787783,0.013790679366692253,0.013790679366692253
351,0.0012733411864229592,0.0012733411864229592,0.015406205845267876,0.015406205845267876
352,0.001280005120402463,0.001280005120402463,0.01488889713326226,0.01488889713326226
353,0.0012685530677559638,0.0012685530677559638,0.014170867107484652,0.014170867107484652
354,0.0012647525579276904,0.0012647525579276904,0.013867891434094181,0.013867891434094181
355,0.0012542835097307356,0.0012542835097307356,0.013675866810523945,0.013675866810523945
356,0.001250089691281667,0.001250089691281667,0.013680088779200678,0.013680088779200678
357,0.0012466562373311234,0.0012466562373311234,0.014048559753143269,0.014048559753143269
358,0.0012361547010994263,0.0012361547010994263,0.014042849773946016,0.014042849773946016
359,0.0012261128786376842,0.0012261128786376842,0.012996364384889603,0.012996364384889603
360,0.0012223701140730181,0.0012223701140730181,0.013241017966166786,0.013241017966166786
361,0.0012119100080959708,0.0012119100080959708,0.012899855961618216,0.012899855961618216
362,0.0012087582835762231,0.0012087582835762231,0.01416817971545717,0.01416817971545717
363,0.0012014036705482439,0.0012014036705482439,0.013339181066207264,0.013339181066207264
364,0.0011896475894968505,0.0011896475894968505,0.012418821535032728,0.012418821535032728
365,0.0011905523884179784,0.0011905523884179784,0.013195460500276607,0.013195460500276607
366,0.0011866393871170198,0.0011866393871170198,0.013100211792018103,0.013100211792018103
367,0.0011770065044810142,0.0011770065044810142,0.01304063030883022,0.01304063030883022
368,0.0011721747833800232,0.0011721747833800232,0.01262157288906367,0.01262157288906367
369,0.0011650432482205122,0.0011650432482205122,0.012807016220429669,0.012807016220429669
370,0.0011617073051579227,0.0011617073051579227,0.012085099907025047,0.012085099907025047
371,0.001145641744859238,0.001145641744859238,0.01222186608482962,0.01222186608482962
372,0.0011434358551175655,0.0011434358551175655,0.01187426228400158,0.01187426228400158
373,0.0011407349173797765,0.0011407349173797765,0.011945483031804148,0.011945483031804148
374,0.0011298743492236065,0.0011298743492236065,0.011390404816231003,0.011390404816231003
375,0.0011298457828620187,0.0011298457828620187,0.011950626564414604,0.011950626564414604
376,0.0011201698635487217,0.0011201698635487217,0.012897879290192024,0.012897879290192024
377,0.0011147339969751573,0.0011147339969751573,0.011632179395984049,0.011632179395984049
378,0.001110579456185278,0.001110579456185278,0.011531517314522163,0.011531517314522163
379,0.0011053600448627616,0.0011053600448627616,0.012174527120331059,0.012174527120331059
380,0.0010987427858113546,0.0010987427858113546,0.011491834105032942,0.011491834105032942
381,0.001088684770739942,0.001088684770739942,0.011196894854631113,0.011196894854631113
382,0.0010861798633481855,0.0010861798633481855,0.012033918710506481,0.012033918710506481
383,0.0010811358730517607,0.0010811358730517607,0.01153402382750874,0.01153402382750874
384,0.0010784063248886406,0.0010784063248886406,0.010954504873117676,0.010954504873117676
385,0.0010700702403941861,0.0010700702403941861,0.011671349689688372,0.011671349689688372
386,0.001060188131594038,0.001060188131594038,0.011127015089859133,0.011127015089859133
387,0.001055966459963227,0.001055966459963227,0.01092235326928937,0.01092235326928937
388,0.0010534314836906356,0.0010534314836906356,0.011371333233040312,0.011371333233040312
389,0.0010463473371830638,0.0010463473371830638,0.010772313396243946,0.010772313396243946
390,0.0010425824178034596,0.0010425824178034596,0.011310138577676338,0.011310138577676338
391,0.0010348433937668522,0.0010348433937668522,0.010797260977003885,0.010797260977003885
392,0.0010329821488654642,0.0010329821488654642,0.010785283277864042,0.010785283277864042
393,0.0010261092885510525,0.0010261092885510525,0.011171898440174435,0.011171898440174435
394,0.0010170227881721177,0.0010170227881721177,0.010085751059586588,0.010085751059586588
395,0.0010199009519174834,0.0010199009519174834,0.010616112014521723,0.010616112014521723
396,0.0010108326634644556,0.0010108326634644556,0.010372422554570696,0.010372422554570696
397,0.001005713290983167,0.001005713290983167,0.010715261992553005,0.010715261992553005
398,0.000998039628709797,0.000998039628709797,0.009858538599117943,0.009858538599117943
399,0.0009949776685631304,0.0009949776685631304,0.010265642493639303,0.010265642493639303
400,0.0009890482282248613,0.0009890482282248613,0.010507208821566208,0.010507208821566208
401,0.000984674836965887,0.000984674836965887,0.010026770441428474,0.010026770441428474
402,0.0009803728115631738,0.0009803728115631738,0.010319476987680664,0.010319476987680664
403,0.0009727551048038371,0.0009727551048038371,0.010234965132954328,0.010234965132954328
404,0.0009697505368668342,0.0009697505368668342,0.010109192003374514,0.010109192003374514
405,0.000966284393602721,0.000966284393602721,0.010624150826555231,0.010624150826555231
406,0.000960700829169565,0.000960700829169565,0.01022042006092227,0.01022042006092227
407,0.0009559086691501124,0.0009559086691501124,0.009626457710628923,0.009626457710628923
408,0.0009486600343207611,0.0009486600343207611,0.009807320676096107,0.009807320676096107
409,0.0009430856188263083,0.0009430856188263083,0.010235871876711431,0.010235871876711431
410,0.0009406042539854056,0.0009406042539854056,0.010229613105564014,0.010229613105564014
411,0.0009353177917894916,0.0009353177917894916,0.00951159757602474,0.00951159757602474
412,0.0009298685189580249,0.0009298685189580249,0.010256442524816679,0.010256442524816679
413,0.0009248204639172791,0.0009248204639172791,0.0093076981847053,0.0093076981847053
414,0.0009211569624108689,0.0009211569624108689,0.009881802267678406,0.009881802267678406
415,0.0009159025030045239,0.0009159025030045239,0.009361150755506495,0.009361150755506495
416,0.0009140412069674337,0.0009140412069674337,0.008925792113270449,0.008925792113270449
417,0.0009056156692660857,0.0009056156692660857,0.009754250716903935,0.009754250716903935
418,0.0009020289110246106,0.0009020289110246106,0.009384389521311159,0.009384389521311159
419,0.0008977231189878397,0.0008977231189878397,0.009361577544199385,0.009361577544199385
420,0.0008922627720128849,0.0008922627720128849,0.009157666977009048,0.009157666977009048
421,0.0008894695473887096,0.0008894695473887096,0.00895193907553735,0.00895193907553735
422,0.0008819043248996278,0.0008819043248996278,0.00913993370435808,0.00913993370435808
423,0.0008802440938992409,0.0008802440938992409,0.008898931029050247,0.008898931029050247
424,0.0008784512984871029,0.0008784512984871029,0.008893531220762627,0.008893531220762627
425,0.0008693923346837548,0.0008693923346837548,0.009108109764106895,0.009108109764106895
426,0.0008653493420760556,0.0008653493420760556,0.008769496748952763,0.008769496748952763
427,0.0008657164958732151,0.0008657164958732151,0.00846692628186682,0.00846692628186682
428,0.0008577908210839346,0.0008577908210839346,0.008275551438007666,0.008275551438007666
429,0.0008550097830767665,0.0008550097830767665,0.00825048938555562,0.00825048938555562
430,0.0008518902724173581,0.0008518902724173581,0.00832830620524676,0.00832830620524676
431,0.0008479879459662137,0.0008479879459662137,0.00863037432503441,0.00863037432503441
432,0.0008429471320672849,0.0008429471320672849,0.008496359071653822,0.008496359071653822
433,0.0008424018149560091,0.0008424018149560091,0.008388805446093496,0.008388805446093496
434,0.0008356830368479975,0.0008356830368479975,0.008075337290115978,0.008075337290115978
435,0.000828937678510828,0.000828937678510828,0.007901953654768675,0.007901953654768675
436,0.0008240582238639069,0.0008240582238639069,0.008493024167483267,0.008493024167483267
437,0.0008207621797048879,0.0008207621797048879,0.00779364966665921,0.00779364966665921
438,0.0008156670014826564,0.0008156670014826564,0.007911964117184929,0.007911964117184929
439,0.0008130403388961801,0.0008130403388961801,0.008126553148031235,0.008126553148031235
440,0.0008105576559509559,0.0008105576559509559,0.008073548381419285,0.008073548381419285
441,0.0008045079074495376,0.0008045079074495376,0.007838644937652609,0.007838644937652609
442,0.0008019474949731239,0.0008019474949731239,0.00777496717384328,0.00777496717384328
443,0.0007973644076237264,0.0007973644076237264,0.008194859787497831,0.008194859787497831
444,0.0007921701931464268,0.0007921701931464268,0.007263883017003536,0.007263883017003536
445,0.0007904917110523609,0.0007904917110523609,0.0074896522919121,0.0074896522919121
446,0.0007862496351884138,0.0007862496351884138,0.007986672668029432,0.007986672668029432
447,0.0007842615857137211,0.0007842615857137211,0.007977940587569838,0.007977940587569838
448,0.0007782405776528763,0.0007782405776528763,0.008031825211061083,0.008031825211061083
449,0.0007775985939367283,0.0007775985939367283,0.007554373663404714,0.007554373663404714
450,0.0007719441195166557,0.0007719441195166557,0.007531880482059458,0.007531880482059458
451,0.0007679854844975346,0.0007679854844975346,0.007568815034692702,0.007568815034692702
452,0.0007641847864463577,0.0007641847864463577,0.0077414554746254634,0.0077414554746254634
453,0.0007603901860556592,0.0007603901860556592,0.007309792765780636,0.007309792765780636
454,0.0007576277935398726,0.0007576277935398726,0.007347053929191568,0.007347053929191568
455,0.0007519499120241571,0.0007519499120241571,0.007756722929037135,0.007756722929037135
456,0.0007492701624189373,0.0007492701624189373,0.007605978490217873,0.007605978490217873
457,0.0007485621075676841,0.0007485621075676841,0.007268121992440328,0.007268121992440328
458,0.00074416166606629,0.00074416166606629,0.007366489578524362,0.007366489578524362
459,0.0007397826063603372,0.0007397826063603372,0.007178730128899864,0.007178730128899864
460,0.0007347577778082864,0.0007347577778082864,0.006830214441794416,0.006830214441794416
461,0.0007316904614688219,0.0007316904614688219,0.007007775220858014,0.007007775220858014
462,0.0007286823978081833,0.0007286823978081833,0.0074012278295729475,0.0074012278295729475
463,0.0007295554634901721,0.0007295554634901721,0.006836525893405727,0.006836525893405727
464,0.000723958509391017,0.000723958509391017,0.007089397870004177,0.007089397870004177
465,0.0007201469237872652,0.0007201469237872652,0.006581420746996351,0.006581420746996351
466,0.0007153664363078147,0.0007153664363078147,0.0073692022377382154,0.0073692022377382154
467,0.0007135781060216653,0.0007135781060216653,0.006939701047604499,0.006939701047604499
468,0.0007087410102319842,0.0007087410102319842,0.006624891159489103,0.006624891159489103
469,0.0007047240048968973,0.0007047240048968973,0.006542974111178647,0.006542974111178647
470,0.0006998075062417747,0.0006998075062417747,0.006635400567851637,0.006635400567851637
471,0.0006990328759703541,0.0006990328759703541,0.006791192066410314,0.006791192066410314
472,0.000696050647263215,0.000696050647263215,0.006589748532227848,0.006589748532227848
473,0.0006943139673001785,0.0006943139673001785,0.0066832698193257266,0.0066832698193257266
474,0.0006948045942340499,0.0006948045942340499,0.006885168830985608,0.006885168830985608
475,0.0006850559838882116,0.0006850559838882116,0.0066489564943248815,0.0066489564943248815
476,0.0006840282079554815,0.0006840282079554815,0.006122092169749996,0.006122092169749996
477,0.0006806175996958514,0.0006806175996958514,0.006619766820222139,0.006619766820222139
478,0.0006800608880269542,0.0006800608880269542,0.006178123208329729,0.006178123208329729
479,0.0006737741734179729,0.0006737741734179729,0.006428965914022663,0.006428965914022663
480,0.0006730846150029695,0.0006730846150029695,0.006387685972225407,0.006387685972225407
481,0.0006670645627445568,0.0006670645627445568,0.006202739238253106,0.006202739238253106
482,0.000664923824783345,0.000664923824783345,0.006056651695752921,0.006056651695752921
483,0.0006627365255893739,0.0006627365255893739,0.00625703376515404,0.00625703376515404
484,0.0006594000314579946,0.0006594000314579946,0.006109917819823908,0.006109917819823908
485,0.0006545288771147204,0.0006545288771147204,0.006023987601308719,0.006023987601308719
486,0.000652490897978891,0.000652490897978891,0.00612721934347697,0.00612721934347697
487,0.0006523028399064162,0.0006523028399064162,0.0058753332325621795,0.0058753332325621795
488,0.0006471623663320511,0.0006471623663320511,0.0063195926866129685,0.0063195926866129685
489,0.0006456232992018286,0.0006456232992018286,0.005840622900944689,0.005840622900944689
490,0.0006402937921686707,0.0006402937921686707,0.006349175318103769,0.006349175318103769
491,0.0006389480653201517,0.0006389480653201517,0.005730231960668512,0.005730231960668512
492,0.0006353583363119826,0.0006353583363119826,0.00574237960593208,0.00574237960593208
493,0.0006336743914017402,0.0006336743914017402,0.005897737168909415,0.005897737168909415
494,0.000633096352337085,0.000633096352337085,0.005851402494084576,0.005851402494084576
495,0.0006287556667115853,0.0006287556667115853,0.005775890434565751,0.005775890434565751
496,0.0006256722774417531,0.0006256722774417531,0.005879483104723951,0.005879483104723951
497,0.0006219314250259478,0.0006219314250259478,0.005490284656053004,0.005490284656053004
498,0.00061868783140938,0.00061868783140938,0.0057999733228074465,0.0057999733228074465
499,0.0006185521667596893,0.0006185521667596893,0.005650264008537582,0.005650264008537582
500,0.0006148711344114043,0.0006148711344114043,0.005541518512789322,0.005541518512789322
501,0.00060997593051223,0.00060997593051223,0.005896389059236516,0.005896389059236516
502,0.0006095055919401696,0.0006095055919401696,0.005491985817966254,0.005491985817966254
503,0.0006051796736526434,0.0006051796736526434,0.005731929680737464,0.005731929680737464
504,0.0006047941042027637,0.0006047941042027637,0.005433221975260455,0.005433221975260455
505,0.0006017181124738374,0.0006017181124738374,0.0054490698865898276,0.0054490698865898276
506,0.000595491120012947,0.000595491120012947,0.0049842402500950775,0.0049842402500950775
507,0.0005971501098845642,0.0005971501098845642,0.0051961664474852705,0.0051961664474852705
508,0.0005949412001444845,0.0005949412001444845,0.005169937447847232,0.005169937447847232
509,0.0005922668546037835,0.0005922668546037835,0.005337254022774489,0.005337254022774489
510,0.0005892490678157866,0.0005892490678157866,0.005341762109943058,0.005341762109943058
511,0.0005860524094297994,0.0005860524094297994,0.005275679691492215,0.005275679691492215
512,0.0005820153110277638,0.0005820153110277638,0.004785835985904155,0.004785835985904155
513,0.0005837473626657625,0.0005837473626657625,0.00508329537494675,0.00508329537494675
514,0.0005786003252256348,0.0005786003252256348,0.005200407447536354,0.005200407447536354
515,0.0005762516047640172,0.0005762516047640172,0.005343516782412063,0.005343516782412063
516,0.0005718716469192964,0.0005718716469192964,0.005036267391203538,0.005036267391203538
517,0.0005708856700710674,0.0005708856700710674,0.004994073072853295,0.004994073072853295
518,0.0005686228352851261,0.0005686228352851261,0.005048693643639917,0.005048693643639917
519,0.0005620685988105834,0.0005620685988105834,0.005145983851474264,0.005145983851474264
520,0.0005651312590811715,0.0005651312590811715,0.005217057936217474,0.005217057936217474
521,0.000562698270790453,0.000562698270790453,0.005107263123373623,0.005107263123373623
522,0.0005601724102727581,0.0005601724102727581,0.0050618512879895125,0.0050618512879895125
523,0.000558264523083083,0.000558264523083083,0.004873528894360947,0.004873528894360947
524,0.000555143331473467,0.000555143331473467,0.004883087665328513,0.004883087665328513
525,0.0005523271643269424,0.0005523271643269424,0.004740707475044157,0.004740707475044157
526,0.0005495068745004344,0.0005495068745004344,0.0050971005111932755,0.0050971005111932755
527,0.0005498643296500929,0.0005498643296500929,0.004627607823551997,0.004627607823551997
528,0.0005463349179225477,0.0005463349179225477,0.004753330013836207,0.004753330013836207
529,0.0005432147792187981,0.0005432147792187981,0.004748601365186598,0.004748601365186598
530,0.0005405170029185921,0.0005405170029185921,0.004861470251141683,0.004861470251141683
531,0.0005403065433286165,0.0005403065433286165,0.004709231545743735,0.004709231545743735
532,0.0005367117108141777,0.0005367117108141777,0.004577441080270902,0.004577441080270902
533,0.0005335343700276566,0.0005335343700276566,0.004499642563092968,0.004499642563092968
534,0.0005320421646884425,0.0005320421646884425,0.004493065158148174,0.004493065158148174
535,0.0005311308854050656,0.0005311308854050656,0.0045678844553944855,0.0045678844553944855
536,0.0005280136203645755,0.0005280136203645755,0.004494499334174654,0.004494499334174654
537,0.0005258055122038263,0.0005258055122038263,0.004241963949702356,0.004241963949702356
538,0.0005250663728296548,0.0005250663728296548,0.004522043077842049,0.004522043077842049
539,0.000520806410077907,0.000520806410077907,0.004293587463705436,0.004293587463705436
540,0.0005183454508301324,0.0005183454508301324,0.0046197720600858975,0.0046197720600858975
541,0.0005155812103571109,0.0005155812103571109,0.004471399821341038,0.004471399821341038
542,0.0005122934594297798,0.0005122934594297798,0.004082515228377736,0.004082515228377736
543,0.000513082406065801,0.000513082406065801,0.00416080052357005,0.00416080052357005
544,0.0005122479796627206,0.0005122479796627206,0.004268697341499122,0.004268697341499122
545,0.0005104298084304085,0.0005104298084304085,0.004491731828159612,0.004491731828159612
546,0.000507379906517497,0.000507379906517497,0.004268123221624157,0.004268123221624157
547,0.0005045028661255873,0.0005045028661255873,0.004462706471752861,0.004462706471752861
548,0.0005030665064130466,0.0005030665064130466,0.004167120559545962,0.004167120559545962
549,0.0005012076230019017,0.0005012076230019017,0.004024641244145839,0.004024641244145839
550,0.0005006708866246393,0.0005006708866246393,0.004230377446536137,0.004230377446536137
551,0.0004977657259485432,0.0004977657259485432,0.004284580217917328,0.004284580217917328
552,0.0004952674066304081,0.0004952674066304081,0.003969302340208188,0.003969302340208188
553,0.0004938680017105887,0.0004938680017105887,0.0040041128699870214,0.0040041128699870214
554,0.0004932948346815515,0.0004932948346815515,0.003918880637249221,0.003918880637249221
555,0.0004909850970328412,0.0004909850970328412,0.0042709687562740364,0.0042709687562740364
556,0.0004886861767611144,0.0004886861767611144,0.004112056031337251,0.004112056031337251
557,0.00048720687285074357,0.00048720687285074357,0.0039663918356856575,0.0039663918356856575
558,0.000484460460513865,0.000484460460513865,0.0039047342522636704,0.0039047342522636704
559,0.00048422650814874567,0.00048422650814874567,0.0039732507733709135,0.0039732507733709135
560,0.0004808056828126346,0.0004808056828126346,0.0037827209832713656,0.0037827209832713656
561,0.0004782558086428304,0.0004782558086428304,0.003746483059923934,0.003746483059923934
562,0.00047727179127118646,0.00047727179127118646,0.0037390704712142115,0.0037390704712142115
563,0.0004754935586542135,0.0004754935586542135,0.0037809365084799733,0.0037809365084799733
564,0.0004741965875216699,0.0004741965875216699,0.003978787000169573,0.003978787000169573
565,0.0004728239480619293,0.0004728239480619293,0.003924555145204067,0.003924555145204067
566,0.00047137492165517795,0.00047137492165517795,0.00390527187846601,0.00390527187846601
567,0.000467416920392365,0.000467416920392365,0.0037761208014157805,0.0037761208014157805
568,0.0004673854624156222,0.0004673854624156222,0.00350360127935267,0.00350360127935267
569,0.00046480745925768236,0.00046480745925768236,0.003898793588513913,0.003898793588513913
570,0.0004630127443527263,0.0004630127443527263,0.003966394072884451,0.003966394072884451
571,0.00046282963610741647,0.00046282963610741647,0.0037112120316242394,0.0037112120316242394
572,0.00046031332055811777,0.00046031332055811777,0.0037459578344841366,0.0037459578344841366
573,0.0004580239237669124,0.0004580239237669124,0.003615645539906362,0.003615645539906362
574,0.0004557970379235519,0.0004557970379235519,0.0035866429705334745,0.0035866429705334745
575,0.000455030406037537,0.000455030406037537,0.003629004289193646,0.003629004289193646
576,0.0004531923835448677,0.0004531923835448677,0.0035328298260498305,0.0035328298260498305
577,0.00045068949193336833,0.00045068949193336833,0.003460179012187797,0.003460179012187797
578,0.00045023635726108727,0.00045023635726108727,0.003503138847325159,0.003503138847325159
579,0.00044761369441131076,0.00044761369441131076,0.003489937906598915,0.003489937906598915
580,0.00044649997323525144,0.00044649997323525144,0.0033941029915181193,0.0033941029915181193
581,0.00044491722370349916,0.00044491722370349916,0.00354724519116723,0.00354724519116723
582,0.00044282619127672965,0.00044282619127672965,0.00362473587586504,0.00362473587586504
583,0.00044256081411867427,0.00044256081411867427,0.0036135887646156807,0.0036135887646156807
584,0.0004408350483640576,0.0004408350483640576,0.0034290526325449996,0.0034290526325449996
585,0.00043887997298527545,0.00043887997298527545,0.003416779663656717,0.003416779663656717
586,0.00043626229505045947,0.00043626229505045947,0.003469820691110647,0.003469820691110647
587,0.00043478893457746536,0.00043478893457746536,0.0034099601047194524,0.0034099601047194524
588,0.00043397449733793874,0.00043397449733793874,0.003338721722526395,0.003338721722526395
589,0.0004331497225266333,0.0004331497225266333,0.0035368858168468528,0.0035368858168468528
590,0.00043025012313014017,0.00043025012313014017,0.0034889518991922555,0.0034889518991922555
591,0.0004282879782405412,0.0004282879782405412,0.003331300691175072,0.003331300691175072
592,0.0004276889436181948,0.0004276889436181948,0.0031896339749674435,0.0031896339749674435
593,0.00042658094365680675,0.00042658094365680675,0.0032597358196811833,0.0032597358196811833
594,0.00042542212351146983,0.00042542212351146983,0.003178247706154766,0.003178247706154766
595,0.0004237207731506221,0.0004237207731506221,0.0031670599811426973,0.0031670599811426973
596,0.00042209679817902706,0.00042209679817902706,0.0032249197019669023,0.0032249197019669023
597,0.0004220819489695306,0.0004220819489695306,0.0031584520804007416,0.0031584520804007416
598,0.0004185171042803988,0.0004185171042803988,0.0032103992289985003,0.0032103992289985003
599,0.00041833483351821026,0.00041833483351821026,0.003145511413964888,0.003145511413964888
600,0.0004163168478979094,0.0004163168478979094,0.0032842128294641557,0.0032842128294641557
601,0.0004154499856837825,0.0004154499856837825,0.003134771584249709,0.003134771584249709
602,0.0004129519087162356,0.0004129519087162356,0.0030428352968200393,0.0030428352968200393
603,0.00041232957742960306,0.00041232957742960306,0.002981629151769954,0.002981629151769954
604,0.0004110697966404085,0.0004110697966404085,0.003076938234026665,0.003076938234026665
605,0.00040874873161768523,0.00040874873161768523,0.0030512143149162116,0.0030512143149162116
606,0.0004073282753804995,0.0004073282753804995,0.003138833952581753,0.003138833952581753
607,0.0004072047130283073,0.0004072047130283073,0.0029039402370867524,0.0029039402370867524
608,0.00040528905321191125,0.00040528905321191125,0.0027820575962086086,0.0027820575962086086
609,0.00040462297234014025,0.00040462297234014025,0.003152307396268715,0.003152307396268715
610,0.00040168649104650126,0.00040168649104650126,0.002892380225998552,0.002892380225998552
611,0.00040103604001967915,0.00040103604001967915,0.0030868019827682038,0.0030868019827682038
612,0.00039918102442600253,0.00039918102442600253,0.003020933100386806,0.003020933100386806
613,0.0003979482761993308,0.0003979482761993308,0.002910868882242104,0.002910868882242104
614,0.00039684438341401656,0.00039684438341401656,0.003085349079059518,0.003085349079059518
615,0.00039526932790144304,0.00039526932790144304,0.0029330653057474156,0.0029330653057474156
616,0.00039411067231514744,0.00039411067231514744,0.0030971646369637356,0.0030971646369637356
617,0.0003937453209154882,0.0003937453209154882,0.0028894268097760883,0.0028894268097760883
618,0.00039113887420324524,0.00039113887420324524,0.0027986042626688013,0.0027986042626688013
619,0.0003905071051155922,0.0003905071051155922,0.0028959322700519924,0.0028959322700519924
620,0.00038953234928999547,0.00038953234928999547,0.002958839738984471,0.002958839738984471
621,0.0003885878704240215,0.0003885878704240215,0.00298927069398696,0.00298927069398696
622,0.0003857508513349692,0.0003857508513349692,0.0027803233116055312,0.0027803233116055312
623,0.0003871320905686121,0.0003871320905686121,0.0029407768287574468,0.0029407768287574468
624,0.0003855797325078154,0.0003855797325078154,0.00295553267326044,0.00295553267326044
625,0.0003838507792037677,0.0003838507792037677,0.0028765051848376575,0.0028765051848376575
626,0.0003838984496460653,0.0003838984496460653,0.0027392838231247406,0.0027392838231247406
627,0.00038191929506355566,0.00038191929506355566,0.00279434231798286,0.00279434231798286
628,0.0003780438270959481,0.0003780438270959481,0.0026596604704694905,0.0026596604704694905
629,0.00037825528492010853,0.00037825528492010853,0.0027973960639665956,0.0027973960639665956
630,0.0003769410620160645,0.0003769410620160645,0.002727988479739946,0.002727988479739946
631,0.0003756963616350196,0.0003756963616350196,0.0026056818745058517,0.0026056818745058517
632,0.00037479163832945106,0.00037479163832945106,0.0027694570649739194,0.0027694570649739194
633,0.0003733694655102652,0.0003733694655102652,0.0025799481360160785,0.0025799481360160785
634,0.00037297057874596497,0.00037297057874596497,0.0026990556380832973,0.0026990556380832973
635,0.0003706375547689081,0.0003706375547689081,0.002753227685942598,0.002753227685942598
636,0.00036962918374713546,0.00036962918374713546,0.0027794714652649736,0.0027794714652649736
637,0.00036786951175803823,0.00036786951175803823,0.0024863943741049457,0.0024863943741049457
638,0.0003674902572953708,0.0003674902572953708,0.0025064145498301673,0.0025064145498301673
639,0.00036730680034809235,0.00036730680034809235,0.0025114729980249767,0.0025114729980249767
640,0.0003641630633338137,0.0003641630633338137,0.0026756054215619097,0.0026756054215619097
641,0.0003648575256082499,0.0003648575256082499,0.0026290008454057183,0.0026290008454057183
642,0.00036397218273378145,0.00036397218273378145,0.0025346168296654587,0.0025346168296654587
643,0.0003625620338765504,0.0003625620338765504,0.0026619624771663675,0.0026619624771663675
644,0.00035988256742168116,0.00035988256742168116,0.002437319009281371,0.002437319009281371
645,0.00035937337822794356,0.00035937337822794356,0.0024033481882804113,0.0024033481882804113
646,0.0003585221893785121,0.0003585221893785121,0.002344164683524033,0.002344164683524033
647,0.00035868204434328304,0.00035868204434328304,0.002485919794391679,0.002485919794391679
648,0.00035685320465311967,0.00035685320465311967,0.002517550535823988,0.002517550535823988
649,0.0003560969756185034,0.0003560969756185034,0.0024631698717079735,0.0024631698717079735
650,0.0003550620605433621,0.0003550620605433621,0.0024214760582570148,0.0024214760582570148
651,0.00035378834581933916,0.00035378834581933916,0.0026245259112961912,0.0026245259112961912
652,0.00035281487001828573,0.00035281487001828573,0.0023371048534855895,0.0023371048534855895
653,0.0003513071833452575,0.0003513071833452575,0.00249073859911574,0.00249073859911574
654,0.0003512154408636999,0.0003512154408636999,0.0025418790300255237,0.0025418790300255237
655,0.0003483240910431492,0.0003483240910431492,0.002600733950005277,0.002600733950005277
656,0.0003487598490966571,0.0003487598490966571,0.002177366748978586,0.002177366748978586
657,0.00034788994077227523,0.00034788994077227523,0.0024760676770592513,0.0024760676770592513
658,0.0003482788839545014,0.0003482788839545014,0.0024661255656215158,0.0024661255656215158
659,0.00034537648963829,0.00034537648963829,0.002319858738464182,0.002319858738464182
660,0.00034476998022748764,0.00034476998022748764,0.00225676700938493,0.00225676700938493
661,0.00034388317699352646,0.00034388317699352646,0.0022120907669886947,0.0022120907669886947
662,0.0003441264366004268,0.0003441264366004268,0.0023369602605943446,0.0023369602605943446
663,0.00034345890951308067,0.00034345890951308067,0.0022683652856832614,0.0022683652856832614
664,0.0003398353191501696,0.0003398353191501696,0.0022372812508483944,0.0022372812508483944
665,0.0003404935224038314,0.0003404935224038314,0.002403944639651024,0.002403944639651024
666,0.0003382129729050864,0.0003382129729050864,0.002287966761049693,0.002287966761049693
667,0.0003385577695204868,0.0003385577695204868,0.002268305114146484,0.002268305114146484
668,0.0003361257623280529,0.0003361257623280529,0.0022058545500444975,0.0022058545500444975
669,0.0003357308812844175,0.0003357308812844175,0.002405713271835576,0.002405713271835576
670,0.0003335452695686161,0.0003335452695686161,0.002105115826808564,0.002105115826808564
671,0.00033497996655484295,0.00033497996655484295,0.0022436174888001838,0.0022436174888001838
672,0.0003336591563931727,0.0003336591563931727,0.0022317851114127298,0.0022317851114127298
673,0.0003325137248258411,0.0003325137248258411,0.002179128360813079,0.002179128360813079
674,0.0003303687847611085,0.0003303687847611085,0.0020716735111225557,0.0020716735111225557
675,0.000329860864983976,0.000329860864983976,0.0021191395809064093,0.0021191395809064093
676,0.0003289996494569546,0.0003289996494569546,0.002281567162793616,0.002281567162793616
677,0.0003290069245985735,0.0003290069245985735,0.002206597198813182,0.002206597198813182
678,0.00032728220304587387,0.00032728220304587387,0.0022489983213903465,0.0022489983213903465
679,0.00032668129054646693,0.00032668129054646693,0.002177769783884287,0.002177769783884287
680,0.0003266218330528343,0.0003266218330528343,0.002151212735992411,0.002151212735992411
681,0.00032449054282058517,0.00032449054282058517,0.0021827411787260485,0.0021827411787260485
682,0.00032404305823538975,0.00032404305823538975,0.002167042997746688,0.002167042997746688
683,0.00032252497469492815,0.00032252497469492815,0.0019944830514166665,0.0019944830514166665
684,0.0003229415914039432,0.0003229415914039432,0.0021342405209155836,0.0021342405209155836
685,0.00032161164236751115,0.00032161164236751115,0.0021315389262188387,0.0021315389262188387
686,0.0003200963775466292,0.0003200963775466292,0.0020527850138023496,0.0020527850138023496
687,0.00031985763610540847,0.00031985763610540847,0.0020924405974295478,0.0020924405974295478
688,0.000319186632606314,0.000319186632606314,0.0020807413890471926,0.0020807413890471926
689,0.0003180916251932384,0.0003180916251932384,0.002191614496278698,0.002191614496278698
690,0.00031725369817055065,0.00031725369817055065,0.0020935227841381793,0.0020935227841381793
691,0.0003161464674206816,0.0003161464674206816,0.0019731461222324033,0.0019731461222324033
692,0.00031688279269924646,0.00031688279269924646,0.0020595418046350064,0.0020595418046350064
693,0.0003153581217651595,0.0003153581217651595,0.0020234830596524735,0.0020234830596524735
694,0.0003140804852319829,0.0003140804852319829,0.0019275449449196458,0.0019275449449196458
695,0.00031427449925376156,0.00031427449925376156,0.0020823813316857686,0.0020823813316857686
696,0.00031321264355156186,0.00031321264355156186,0.002067438321714492,0.002067438321714492
697,0.00031192393165090446,0.00031192393165090446,0.0020621823065954704,0.0020621823065954704
698,0.0003119939263631529,0.0003119939263631529,0.001948656666133067,0.001948656666133067
699,0.00031002985001280555,0.00031002985001280555,0.0019821255295739875,0.0019821255295739875
700,0.00031021054753615894,0.00031021054753615894,0.002005034197202843,0.002005034197202843
701,0.0003081387652532485,0.0003081387652532485,0.002071831790406419,0.002071831790406419
702,0.0003081195681490805,0.0003081195681490805,0.00198758194607723,0.00198758194607723
703,0.00030640320225170525,0.00030640320225170525,0.0018552995904389284,0.0018552995904389284
704,0.0003067180560575363,0.0003067180560575363,0.0019208505780071669,0.0019208505780071669
705,0.00030556442428197466,0.00030556442428197466,0.0019334190849052823,0.0019334190849052823
706,0.00030461514736395155,0.00030461514736395155,0.0019357543408303804,0.0019357543408303804
707,0.0003043697906492678,0.0003043697906492678,0.0019561136748803697,0.0019561136748803697
708,0.0003036046890263385,0.0003036046890263385,0.001863175623483308,0.001863175623483308
709,0.0003029827426174638,0.0003029827426174638,0.0019104215316474438,0.0019104215316474438
710,0.00030271256523137197,0.00030271256523137197,0.0019306127012342863,0.0019306127012342863
711,0.0003009666152903375,0.0003009666152903375,0.0018053122431687686,0.0018053122431687686
712,0.0003013921530033836,0.0003013921530033836,0.0018347841080116189,0.0018347841080116189
713,0.00029944328435644436,0.00029944328435644436,0.001803621204326982,0.001803621204326982
714,0.00029900229114943364,0.00029900229114943364,0.0018138433047367828,0.0018138433047367828
715,0.0002978742419128419,0.0002978742419128419,0.0019229756232917957,0.0019229756232917957
716,0.00029825245978954795,0.00029825245978954795,0.0019672485119055796,0.0019672485119055796
717,0.00029696715562103893,0.00029696715562103893,0.0018016949862889621,0.0018016949862889621
718,0.000296481992047341,0.000296481992047341,0.0018492438779819918,0.0018492438779819918
719,0.0002950994693891746,0.0002950994693891746,0.0018870230237750904,0.0018870230237750904
720,0.0002948519434871274,0.0002948519434871274,0.0018443750450387597,0.0018443750450387597
721,0.00029365011848831357,0.00029365011848831357,0.0017794767880569334,0.0017794767880569334
722,0.0002923416295828663,0.0002923416295828663,0.0019299601478016248,0.0019299601478016248
723,0.00029214087788833774,0.00029214087788833774,0.0018003237757669842,0.0018003237757669842
724,0.0002917184299412923,0.0002917184299412923,0.0017561548966509492,0.0017561548966509492
725,0.000290211410888375,0.000290211410888375,0.0018317321689961398,0.0018317321689961398
726,0.0002914570744158091,0.0002914570744158091,0.0018004805467131994,0.0018004805467131994
727,0.0002895338364515593,0.0002895338364515593,0.0017644407318743026,0.0017644407318743026
728,0.000289182460602486,0.000289182460602486,0.0017048382838054197,0.0017048382838054197
729,0.0002878800379417001,0.0002878800379417001,0.0019006993287526395,0.0019006993287526395
730,0.0002882380354561991,0.0002882380354561991,0.001725487395837579,0.001725487395837579
731,0.0002870232470129033,0.0002870232470129033,0.00176858884262164,0.00176858884262164
732,0.0002877379051696892,0.0002877379051696892,0.0017495368222665527,0.0017495368222665527
733,0.00028575705005308595,0.00028575705005308595,0.0016387261338936894,0.0016387261338936894
734,0.00028534444287271353,0.00028534444287271353,0.001725695840002078,0.001725695840002078
735,0.00028557441834900005,0.00028557441834900005,0.0017110922060016057,0.0017110922060016057
736,0.0002841439585540896,0.0002841439585540896,0.0016440890385242908,0.0016440890385242908
737,0.0002833554707793954,0.0002833554707793954,0.0017130474468855107,0.0017130474468855107
738,0.0002815880397634981,0.0002815880397634981,0.001840373303781709,0.001840373303781709
739,0.0002827982863772521,0.0002827982863772521,0.001706051260597356,0.001706051260597356
740,0.000282135182800137,0.000282135182800137,0.0016486942413789423,0.0016486942413789423
741,0.0002811198412749707,0.0002811198412749707,0.0018189819175345094,0.0018189819175345094
742,0.000281618439258407,0.000281618439258407,0.0016655853858379567,0.0016655853858379567
743,0.00028050432871661594,0.00028050432871661594,0.001593258449524317,0.001593258449524317
744,0.0002795826441338547,0.0002795826441338547,0.0016468412182091372,0.0016468412182091372
745,0.0002788015454681155,0.0002788015454681155,0.0017029083961539943,0.0017029083961539943
746,0.0002782556998639185,0.0002782556998639185,0.0015626448236972742,0.0015626448236972742
747,0.0002784085969732221,0.0002784085969732221,0.0016439127604193661,0.0016439127604193661
748,0.000276075305077726,0.000276075305077726,0.0015515717323464544,0.0015515717323464544
749,0.00027579451812143984,0.00027579451812143984,0.0016294016867228177,0.0016294016867228177
750,0.0002766281171053404,0.0002766281171053404,0.001604774921282154,0.001604774921282154
751,0.00027459952517882615,0.00027459952517882615,0.00163629871752599,0.00163629871752599
752,0.0002741107364102467,0.0002741107364102467,0.0016445693934498274,0.0016445693934498274
753,0.00027348996721051423,0.00027348996721051423,0.0015770893837527735,0.0015770893837527735
754,0.00027358687154200174,0.00027358687154200174,0.0016450251240040297,0.0016450251240040297
755,0.0002731096742578965,0.0002731096742578965,0.001601768956195725,0.001601768956195725
756,0.00027237401891142893,0.00027237401891142893,0.0016287669245882528,0.0016287669245882528
757,0.00027218904652497863,0.00027218904652497863,0.0015497965353500583,0.0015497965353500583
758,0.0002703162608668208,0.0002703162608668208,0.0014808668056502938,0.0014808668056502938
759,0.00027093345682336907,0.00027093345682336907,0.0016089091279908366,0.0016089091279908366
760,0.00026976639784602707,0.00026976639784602707,0.0015967376479555082,0.0015967376479555082
761,0.0002696557094508382,0.0002696557094508382,0.0015828500694149861,0.0015828500694149861
762,0.0002686548676172045,0.0002686548676172045,0.001579860908627186,0.001579860908627186
763,0.00026768590399786553,0.00026768590399786553,0.0014715148136019707,0.0014715148136019707
764,0.00026711194694943065,0.00026711194694943065,0.0014999234421259682,0.0014999234421259682
765,0.0002663449012178266,0.0002663449012178266,0.0015932274628025682,0.0015932274628025682
766,0.00026712142092624036,0.00026712142092624036,0.00151188964145663,0.00151188964145663
767,0.0002652629225288526,0.0002652629225288526,0.0015523070874421494,0.0015523070874421494
768,0.0002651387143164229,0.0002651387143164229,0.0014962470310780666,0.0014962470310780666
769,0.0002643877110513641,0.0002643877110513641,0.0014417703850599735,0.0014417703850599735
770,0.0002647340798176059,0.0002647340798176059,0.001533359638415277,0.001533359638415277
771,0.0002632359060171609,0.0002632359060171609,0.0014401622946657565,0.0014401622946657565
772,0.0002635721263865218,0.0002635721263865218,0.0014789905348468733,0.0014789905348468733
773,0.0002619390570119058,0.0002619390570119058,0.0015937390980189261,0.0015937390980189261
774,0.00026246079730052747,0.00026246079730052747,0.0014539027191779535,0.0014539027191779535
775,0.00026196267653831113,0.00026196267653831113,0.0015439437347990663,0.0015439437347990663
776,0.000261667667872873,0.000261667667872873,0.0014748968052394364,0.0014748968052394364
777,0.0002613744607889398,0.0002613744607889398,0.0014180592008178,0.0014180592008178
778,0.0002607109134464098,0.0002607109134464098,0.001446331512061474,0.001446331512061474
779,0.00026015983785667986,0.00026015983785667986,0.0013904275838285685,0.0013904275838285685
780,0.0002594882729528559,0.0002594882729528559,0.001428762131937496,0.001428762131937496
781,0.00025878086600182837,0.00025878086600182837,0.001437252574681264,0.001437252574681264
782,0.0002586238070447694,0.0002586238070447694,0.001475341516830351,0.001475341516830351
783,0.00025879759812035604,0.00025879759812035604,0.0014018332332615619,0.0014018332332615619
784,0.0002582719150787028,0.0002582719150787028,0.0014275758598080795,0.0014275758598080795
785,0.00025723786183054096,0.00025723786183054096,0.001354930213774028,0.001354930213774028
786,0.00025640865154107425,0.00025640865154107425,0.001384680382097545,0.001384680382097545
787,0.0002560807292993729,0.0002560807292993729,0.0013751486700999997,0.0013751486700999997
788,0.0002555413368575832,0.0002555413368575832,0.0013780203678280764,0.0013780203678280764
789,0.0002554990935996697,0.0002554990935996697,0.001387351415241542,0.001387351415241542
790,0.00025418170626605993,0.00025418170626605993,0.001474830752198139,0.001474830752198139
791,0.0002546459122258456,0.0002546459122258456,0.001363196896146173,0.001363196896146173
792,0.0002536218917752381,0.0002536218917752381,0.001421603318506285,0.001421603318506285
793,0.00025330100150857223,0.00025330100150857223,0.0013489328658856127,0.0013489328658856127
794,0.0002530210340835119,0.0002530210340835119,0.0013778845617628615,0.0013778845617628615
795,0.0002536107067923958,0.0002536107067923958,0.0013761927636907153,0.0013761927636907153
796,0.00025188650312467923,0.00025188650312467923,0.0013294455382730002,0.0013294455382730002
797,0.0002515488759795134,0.0002515488759795134,0.00145910221212746,0.00145910221212746
798,0.00025214457712527887,0.00025214457712527887,0.001302210358477643,0.001302210358477643
799,0.0002507016021392752,0.0002507016021392752,0.001328383405368937,0.001328383405368937
800,0.00025096814861851876,0.00025096814861851876,0.0013357513715796497,0.0013357513715796497
801,0.00024970225738492037,0.00024970225738492037,0.0013942695728948584,0.0013942695728948584
802,0.00024926853904753016,0.00024926853904753016,0.0012893719603712468,0.0012893719603712468
803,0.0002487127000855491,0.0002487127000855491,0.001335254647647557,0.001335254647647557
804,0.00024831922200974077,0.00024831922200974077,0.001275507480149036,0.001275507480149036
805,0.0002482454918072533,0.0002482454918072533,0.0013474701681052861,0.0013474701681052861
806,0.00024818990376307935,0.00024818990376307935,0.0012811996705789604,0.0012811996705789604
807,0.0002473883393925623,0.0002473883393925623,0.0013518459011760094,0.0013518459011760094
808,0.0002469981935693421,0.0002469981935693421,0.001277973409742117,0.001277973409742117
809,0.0002452289249321498,0.0002452289249321498,0.0011901256258842413,0.0011901256258842413
810,0.0002456562298189013,0.0002456562298189013,0.0012849564157912264,0.0012849564157912264
811,0.00024543515181878287,0.00024543515181878287,0.0014577896597430758,0.0014577896597430758
812,0.00024629425895008667,0.00024629425895008667,0.0013092002507461154,0.0013092002507461154
813,0.0002445237309602307,0.0002445237309602307,0.0014317591381056802,0.0014317591381056802
814,0.0002446083197474619,0.0002446083197474619,0.0012750715098303297,0.0012750715098303297
815,0.00024393796809257017,0.00024393796809257017,0.0011588119820732138,0.0011588119820732138
816,0.00024390030243199006,0.00024390030243199006,0.0012399012136839979,0.0012399012136839979
817,0.00024314504103173685,0.00024314504103173685,0.0013272966379704683,0.0013272966379704683
818,0.00024317151586150874,0.00024317151586150874,0.001283350291803641,0.001283350291803641
819,0.0002424269000712399,0.0002424269000712399,0.0012794255314435325,0.0012794255314435325
820,0.0002415721213867209,0.0002415721213867209,0.001214257368068818,0.001214257368068818
821,0.00024197517734273364,0.00024197517734273364,0.001268664731785817,0.001268664731785817
822,0.00024079474393130394,0.00024079474393130394,0.0012783889263949316,0.0012783889263949316
823,0.0002410307154766606,0.0002410307154766606,0.0013171538999101715,0.0013171538999101715
824,0.00024071161550356544,0.00024071161550356544,0.0012601491787632847,0.0012601491787632847
825,0.00024015956466351678,0.00024015956466351678,0.0013004036230521033,0.0013004036230521033
826,0.00024007907530040453,0.00024007907530040453,0.0012331383793776774,0.0012331383793776774
827,0.00023938966417254306,0.00023938966417254306,0.0012531443321874933,0.0012531443321874933
828,0.00023912386283295872,0.00023912386283295872,0.0013401206764999938,0.0013401206764999938
829,0.00023831123846287133,0.00023831123846287133,0.0013143332781391623,0.0013143332781391623
830,0.00023766475915691214,0.00023766475915691214,0.0012546430883483718,0.0012546430883483718
831,0.00023842916419189946,0.00023842916419189946,0.0011964196582203326,0.0011964196582203326
832,0.00023755741430224553,0.00023755741430224553,0.0012014422580883231,0.0012014422580883231
833,0.0002371379210739875,0.0002371379210739875,0.0011342103370343862,0.0011342103370343862
834,0.00023680355600581862,0.00023680355600581862,0.0012641821345111923,0.0012641821345111923
835,0.000236587439528797,0.000236587439528797,0.0012108373136826508,0.0012108373136826508
836,0.00023512566238032462,0.00023512566238032462,0.0011143865969801402,0.0011143865969801402
837,0.00023559245450104473,0.00023559245450104473,0.0012584613160351696,0.0012584613160351696
838,0.0002352437122766294,0.0002352437122766294,0.0011206990937985804,0.0011206990937985804
839,0.0002340261317695987,0.0002340261317695987,0.0011514437805010896,0.0011514437805010896
840,0.00023455160319648473,0.00023455160319648473,0.001203876036806437,0.001203876036806437
841,0.00023405973241385944,0.00023405973241385944,0.0011892644587256339,0.0011892644587256339
842,0.00023303066421665738,0.00023303066421665738,0.001273795549818517,0.001273795549818517
843,0.00023321338649621564,0.00023321338649621564,0.001216987512357857,0.001216987512357857
844,0.00023375051373520118,0.00023375051373520118,0.0011904680235918772,0.0011904680235918772
845,0.0002329562874739363,0.0002329562874739363,0.0011515353487440102,0.0011515353487440102
846,0.00023332549050715794,0.00023332549050715794,0.001198141724276154,0.001198141724276154
847,0.0002325986921090946,0.0002325986921090946,0.0011773223598973582,0.0011773223598973582
848,0.00023244478860565365,0.00023244478860565365,0.0011338500543902426,0.0011338500543902426
849,0.00023124697068749675,0.00023124697068749675,0.0010751244161561456,0.0010751244161561456
850,0.0002308837913311844,0.0002308837913311844,0.0012111043248771002,0.0012111043248771002
851,0.00023030509709034584,0.00023030509709034584,0.001094899889405655,0.001094899889405655
852,0.00023047466749851983,0.00023047466749851983,0.001169380314303967,0.001169380314303967
853,0.00022970805696438058,0.00022970805696438058,0.0011165228915279326,0.0011165228915279326
854,0.00022983670323895657,0.00022983670323895657,0.0011125222663395107,0.0011125222663395107
855,0.00022896687909808427,0.00022896687909808427,0.001206116229498192,0.001206116229498192
856,0.00022900704088812328,0.00022900704088812328,0.0010636860438946474,0.0010636860438946474
857,0.0002289028616870153,0.0002289028616870153,0.0011743309062338717,0.0011743309062338717
858,0.00022860362480620845,0.00022860362480620845,0.0011923474806320407,0.0011923474806320407
859,0.0002288793136961932,0.0002288793136961932,0.0011268460480293827,0.0011268460480293827
860,0.00022767133092525127,0.00022767133092525127,0.0011442812417795801,0.0011442812417795801
861,0.00022702791486544727,0.00022702791486544727,0.0011397802534148745,0.0011397802534148745
862,0.00022708708893673095,0.00022708708893673095,0.0011216649942545464,0.0011216649942545464
863,0.0002263831472455167,0.0002263831472455167,0.001115356177172583,0.001115356177172583
864,0.00022709180062928315,0.00022709180062928315,0.0011300952502769296,0.0011300952502769296
865,0.00022608753542359221,0.00022608753542359221,0.0010779783833245544,0.0010779783833245544
866,0.00022596125798321669,0.00022596125798321669,0.001114380022045225,0.001114380022045225
867,0.00022510715208677836,0.00022510715208677836,0.001065391543544019,0.001065391543544019
868,0.00022505602304862863,0.00022505602304862863,0.0010928177634132621,0.0010928177634132621
869,0.00022495760599795347,0.00022495760599795347,0.0010933917972421193,0.0010933917972421193
870,0.0002250475269061226,0.0002250475269061226,0.0010916154462155764,0.0010916154462155764
871,0.00022392981184132953,0.00022392981184132953,0.0011264095032263708,0.0011264095032263708
872,0.00022405038125895694,0.00022405038125895694,0.0011229972765052123,0.0011229972765052123
873,0.00022457580100614403,0.00022457580100614403,0.0010470515319510646,0.0010470515319510646
874,0.00022342620296708404,0.00022342620296708404,0.001001153067867879,0.001001153067867879
875,0.00022368225751544793,0.00022368225751544793,0.001078894561784261,0.001078894561784261
876,0.00022254184214289465,0.00022254184214289465,0.0011049140771122081,0.0011049140771122081
877,0.00022263673790208298,0.00022263673790208298,0.0010573487582049615,0.0010573487582049615
878,0.00022152047476483178,0.00022152047476483178,0.001016426661922394,0.001016426661922394
879,0.00022173204288434967,0.00022173204288434967,0.0010790365530461397,0.0010790365530461397
880,0.00022202421433431592,0.00022202421433431592,0.0010992568922634034,0.0010992568922634034
881,0.0002217668361056631,0.0002217668361056631,0.0011071419500259926,0.0011071419500259926
882,0.00022141866888589809,0.00022141866888589809,0.001047403898353324,0.001047403898353324
883,0.00022085955832697556,0.00022085955832697556,0.0010543201882999551,0.0010543201882999551
884,0.00022055406194663318,0.00022055406194663318,0.0010146219991957364,0.0010146219991957364
885,0.00022073846150442054,0.00022073846150442054,0.0010326590879982257,0.0010326590879982257
886,0.00021930191533696603,0.00021930191533696603,0.0009511220066443733,0.0009511220066443733
887,0.00022001270662827817,0.00022001270662827817,0.0009984392698084855,0.0009984392698084855
888,0.00021968196661899164,0.00021968196661899164,0.001042194661947534,0.001042194661947534
889,0.00021888682508305863,0.00021888682508305863,0.0010241375370558512,0.0010241375370558512
890,0.00021850602376540234,0.00021850602376540234,0.0010563617916372807,0.0010563617916372807
891,0.00021885072490935884,0.00021885072490935884,0.0010373628617304823,0.0010373628617304823
892,0.0002182855743536221,0.0002182855743536221,0.001071915994701988,0.001071915994701988
893,0.0002179519527931219,0.0002179519527931219,0.0010508649891404355,0.0010508649891404355
894,0.00021824049483223112,0.00021824049483223112,0.0010238556196386724,0.0010238556196386724
895,0.00021767541567607843,0.00021767541567607843,0.001009811085405881,0.001009811085405881
896,0.00021738385309456526,0.00021738385309456526,0.0009792116900865474,0.0009792116900865474
897,0.00021769596542836663,0.00021769596542836663,0.0010399560206164808,0.0010399560206164808
898,0.00021725426203349308,0.00021725426203349308,0.000974830169149715,0.000974830169149715
899,0.000216649608059882,0.000216649608059882,0.0009710244535792457,0.0009710244535792457
900,0.0002166303089563082,0.0002166303089563082,0.0010042293781779058,0.0010042293781779058
901,0.00021669093332314323,0.00021669093332314323,0.0010060161964603417,0.0010060161964603417
902,0.0002156278132363092,0.0002156278132363092,0.0009649264874220219,0.0009649264874220219
903,0.0002160021715914987,0.0002160021715914987,0.0010187499776847012,0.0010187499776847012
904,0.00021501261694411198,0.00021501261694411198,0.0010164459033504777,0.0010164459033504777
905,0.00021521460874741636,0.00021521460874741636,0.0009979804922097726,0.0009979804922097726
906,0.00021429628864905545,0.00021429628864905545,0.0010727060801835487,0.0010727060801835487
907,0.0002150738029196754,0.0002150738029196754,0.0010091876687036583,0.0010091876687036583
908,0.00021384249159263309,0.00021384249159263309,0.0010184399788672833,0.0010184399788672833
909,0.00021407721758924563,0.00021407721758924563,0.000992218844855771,0.000992218844855771
910,0.00021468205094581173,0.00021468205094581173,0.0009793207889584744,0.0009793207889584744
911,0.00021425382697641432,0.00021425382697641432,0.000982689187841733,0.000982689187841733
912,0.00021338825791075426,0.00021338825791075426,0.0009256346282832649,0.0009256346282832649
913,0.00021313928191715452,0.00021313928191715452,0.0009644184585498726,0.0009644184585498726
914,0.00021303471375831238,0.00021303471375831238,0.0009206664702936035,0.0009206664702936035
915,0.00021290307604516291,0.00021290307604516291,0.0009216620844950819,0.0009216620844950819
916,0.00021181269165315605,0.00021181269165315605,0.0010166898820265803,0.0010166898820265803
917,0.00021257296013624068,0.00021257296013624068,0.0009965246325642195,0.0009965246325642195
918,0.0002120725525473462,0.0002120725525473462,0.0009919673877606249,0.0009919673877606249
919,0.00021164832042669442,0.00021164832042669442,0.0010068234557326398,0.0010068234557326398
920,0.00021146982745049852,0.00021146982745049852,0.000931996290329034,0.000931996290329034
921,0.00021125883283963968,0.00021125883283963968,0.0009254179363462912,0.0009254179363462912
922,0.00021174234075898253,0.00021174234075898253,0.0009703411158862646,0.0009703411158862646
923,0.00021103963339657775,0.00021103963339657775,0.0009551769826034813,0.0009551769826034813
924,0.0002109873072934015,0.0002109873072934015,0.0009228759040327176,0.0009228759040327176
925,0.00021102652973691263,0.00021102652973691263,0.0009595652632212833,0.0009595652632212833
926,0.00020976288153824754,0.00020976288153824754,0.0008770941235327526,0.0008770941235327526
927,0.00021028422838116116,0.00021028422838116116,0.0009639351476874689,0.0009639351476874689
928,0.00021038273831929525,0.00021038273831929525,0.0009873890211684225,0.0009873890211684225
929,0.0002098997696368111,0.0002098997696368111,0.0009174600405537564,0.0009174600405537564
930,0.00020922639934350433,0.00020922639934350433,0.0009496054465315589,0.0009496054465315589
931,0.00020912158801807875,0.00020912158801807875,0.0009002018436465574,0.0009002018436465574
932,0.00020909843238497102,0.00020909843238497102,0.0009894031530205646,0.0009894031530205646
933,0.0002090869067241133,0.0002090869067241133,0.0009444826889945114,0.0009444826889945114
934,0.0002084222538440236,0.0002084222538440236,0.0009182487189283837,0.0009182487189283837
935,0.0002087552644960826,0.0002087552644960826,0.0009123564991371139,0.0009123564991371139
936,0.0002077087269286477,0.0002077087269286477,0.0008941657952559383,0.0008941657952559383
937,0.00020785389465897858,0.00020785389465897858,0.0009078251997656796,0.0009078251997656796
938,0.00020795149748239702,0.00020795149748239702,0.0008815112346580819,0.0008815112346580819
939,0.00020818956123956557,0.00020818956123956557,0.0008839748207601192,0.0008839748207601192
940,0.00020722301623013706,0.00020722301623013706,0.0009312089355460004,0.0009312089355460004
941,0.00020690666099305256,0.00020690666099305256,0.0009078431505021517,0.0009078431505021517
942,0.00020736168483032836,0.00020736168483032836,0.0009511443457323248,0.0009511443457323248
943,0.0002069474906752008,0.0002069474906752008,0.0009381724015364181,0.0009381724015364181
944,0.00020664641590110053,0.00020664641590110053,0.0009492105986599041,0.0009492105986599041
945,0.00020639309779279562,0.00020639309779279562,0.0009279751330209167,0.0009279751330209167
946,0.00020628248786914955,0.00020628248786914955,0.0008830819329570817,0.0008830819329570817
947,0.0002058046717886491,0.0002058046717886491,0.0008959264782986239,0.0008959264782986239
948,0.00020551575507172254,0.00020551575507172254,0.0008726181872391506,0.0008726181872391506
949,0.0002052020888109735,0.0002052020888109735,0.0008439125022446008,0.0008439125022446008
950,0.0002055615306370587,0.0002055615306370587,0.0009152012948027772,0.0009152012948027772
951,0.00020550895375134336,0.00020550895375134336,0.0008769308890054083,0.0008769308890054083
952,0.0002048287235219989,0.0002048287235219989,0.0008791178773643206,0.0008791178773643206
953,0.0002044114793126393,0.0002044114793126393,0.0008807398287741387,0.0008807398287741387
954,0.0002043197636229256,0.0002043197636229256,0.0008891650055454153,0.0008891650055454153
955,0.0002050062116000488,0.0002050062116000488,0.0008911928744055331,0.0008911928744055331
956,0.00020400711490824888,0.00020400711490824888,0.0008670556252700803,0.0008670556252700803
957,0.0002042116948444762,0.0002042116948444762,0.0009008510311579574,0.0009008510311579574
958,0.00020460303650873007,0.00020460303650873007,0.000877963062679476,0.000877963062679476
959,0.00020308889844128426,0.00020308889844128426,0.0008551899531005841,0.0008551899531005841
960,0.00020389541563094882,0.00020389541563094882,0.0008630932501071821,0.0008630932501071821
961,0.0002037452196019101,0.0002037452196019101,0.0008693541774688208,0.0008693541774688208
962,0.00020313403100236623,0.00020313403100236623,0.0008827281442632818,0.0008827281442632818
963,0.00020252366125405216,0.00020252366125405216,0.0008632478597776397,0.0008632478597776397
964,0.00020267084136466,0.00020267084136466,0.0008266602096188327,0.0008266602096188327
965,0.000202231936969481,0.000202231936969481,0.0008705166249495486,0.0008705166249495486
966,0.00020198884368961172,0.00020198884368961172,0.0009068915893769134,0.0009068915893769134
967,0.00020208279602229595,0.00020208279602229595,0.0008880755479407052,0.0008880755479407052
968,0.00020217466620710967,0.00020217466620710967,0.0008650705339791982,0.0008650705339791982
969,0.0002021236224404632,0.0002021236224404632,0.0008351005406280899,0.0008351005406280899
970,0.00020111827903305328,0.00020111827903305328,0.0008532668175378247,0.0008532668175378247
971,0.0002012953736653952,0.0002012953736653952,0.0008620039848408297,0.0008620039848408297
972,0.00020173797764702238,0.00020173797764702238,0.000885374849135785,0.000885374849135785
973,0.0002008471065407584,0.0002008471065407584,0.0008831664757884067,0.0008831664757884067
974,0.00020067562881169543,0.00020067562881169543,0.000908419239314516,0.000908419239314516
975,0.00020108503837869545,0.00020108503837869545,0.0008609040296110122,0.0008609040296110122
976,0.00020100235371637185,0.00020100235371637185,0.0008168910432647427,0.0008168910432647427
977,0.00020012822248059037,0.00020012822248059037,0.0008226652837196446,0.0008226652837196446
978,0.00020087351962688998,0.00020087351962688998,0.0008315088166652814,0.0008315088166652814
979,0.00019944395946673875,0.00019944395946673875,0.0008993823379885567,0.0008993823379885567
980,0.0001992958090017837,0.0001992958090017837,0.0008779052219799031,0.0008779052219799031
981,0.00019988503876124797,0.00019988503876124797,0.0008430784472021396,0.0008430784472021396
982,0.0001992020999716821,0.0001992020999716821,0.0008476035841538206,0.0008476035841538206
983,0.0001993726510021435,0.0001993726510021435,0.0008614379558307321,0.0008614379558307321
984,0.0001984478313656454,0.0001984478313656454,0.0007715545007554085,0.0007715545007554085
985,0.00019962420764870978,0.00019962420764870978,0.0008374160008869418,0.0008374160008869418
986,0.0001985313411351624,0.0001985313411351624,0.0008518505542862998,0.0008518505542862998
987,0.00019864127201476423,0.00019864127201476423,0.0008396311895921826,0.0008396311895921826
988,0.00019789783234564395,0.00019789783234564395,0.0008215494960060586,0.0008215494960060586
989,0.00019860540276771916,0.00019860540276771916,0.000807029352037479,0.000807029352037479
990,0.00019773576752974643,0.00019773576752974643,0.0008634831705738021,0.0008634831705738021
991,0.0001980480007668435,0.0001980480007668435,0.0008230897694137757,0.0008230897694137757
992,0.00019823626256613148,0.00019823626256613148,0.0008184893218719441,0.0008184893218719441
993,0.00019748274249973419,0.00019748274249973419,0.0007969411672092974,0.0007969411672092974
994,0.00019788424690878541,0.00019788424690878541,0.0008433666839466795,0.0008433666839466795
995,0.00019729904292986911,0.00019729904292986911,0.0008560781539215342,0.0008560781539215342
996,0.00019754816002264688,0.00019754816002264688,0.0008137965493876001,0.0008137965493876001
997,0.00019695096247759864,0.00019695096247759864,0.0008193272084969541,0.0008193272084969541
998,0.00019643649719459675,0.00019643649719459675,0.0007854819793821029,0.0007854819793821029
999,0.0001963160882560345,0.0001963160882560345,0.000840939497878856,0.000840939497878856
